uniprot,gene,skin_score,tier,cell_type_preferred,worth_curating,evidence_exists_elsewhere,work_needed,druggable_class,structural_family,protein_class,description
P41222,PTGDS,0.5632609699200415,medium,fibroblasts,True,True,already in BindingDB/GtoPdb - merge the source,True,False,"Enzymes, Metabolic proteins, Plasma proteins, Predicted intracellular proteins, Predicted secreted proteins",Prostaglandin D2 synthase
Q03135,CAV1,0.5449375078314358,medium,basal keratinocytes,True,True,already in BindingDB/GtoPdb - merge the source,True,False,"Cancer-related genes, Disease related genes, Human disease related genes, Potential drug targets, Predicted intracellular proteins, Predicted membrane proteins, Transporters",Caveolin 1
P12830,CDH1,0.5179493016717198,medium,suprabasal keratinocytes,True,True,already in BindingDB/GtoPdb - merge the source,True,False,"Cancer-related genes, CD markers, Disease related genes, Human disease related genes, Plasma proteins, Potential drug targets, Predicted membrane proteins, Transporters",Cadherin 1
Q96DU7,ITPKC,0.4849534521597678,medium,suprabasal keratinocytes,True,True,already in BindingDB/GtoPdb - merge the source,True,False,"Enzymes, Metabolic proteins, Predicted intracellular proteins",Inositol-trisphosphate 3-kinase C
O60895,RAMP2,0.4814372270570307,medium,vascular endothelial cells,True,True,already in BindingDB/GtoPdb - merge the source,True,False,"FDA approved drug targets, Plasma proteins, Predicted intracellular proteins, Predicted membrane proteins, Transporters",Receptor activity modifying protein 2
O00217,NDUFS8,0.4646526610367967,medium,suprabasal keratinocytes,True,True,already in BindingDB/GtoPdb - merge the source,True,False,"Disease related genes, Enzymes, Essential proteins, Human disease related genes, Metabolic proteins, Potential drug targets, Predicted intracellular proteins",NADH:ubiquinone oxidoreductase core subunit S8
P15260,IFNGR1,0.4447576093767589,medium,vascular endothelial cells,True,True,already in BindingDB/GtoPdb - merge the source,True,False,"CD markers, Disease related genes, FDA approved drug targets, Human disease related genes, Predicted intracellular proteins, Predicted membrane proteins",Interferon gamma receptor 1
Q9Y2U2,KCNK7,0.437540408830686,medium,suprabasal keratinocytes,True,True,already in BindingDB/GtoPdb - merge the source,True,False,"Predicted intracellular proteins, Predicted membrane proteins, Voltage-gated ion channels",Potassium two pore domain channel subfamily K member 7
Q15126,PMVK,0.4366787206369709,medium,suprabasal keratinocytes,True,True,already in BindingDB/GtoPdb - merge the source,True,False,"Disease related genes, Enzymes, Human disease related genes, Metabolic proteins, Potential drug targets, Predicted intracellular proteins",Phosphomevalonate kinase
Q15165,PON2,0.4356248275681693,medium,melanocytes,True,True,already in BindingDB/GtoPdb - merge the source,True,False,"Candidate cardiovascular disease genes, Enzymes, Metabolic proteins, Predicted intracellular proteins, Predicted secreted proteins",Paraoxonase 2
Q96BI3,APH1A,0.4351509866186761,medium,suprabasal keratinocytes,True,True,already in BindingDB/GtoPdb - merge the source,True,False,"Predicted membrane proteins, Transporters","Aph-1 homolog A, gamma-secretase subunit"
Q13586,STIM1,0.428073521521995,medium,suprabasal keratinocytes,True,True,already in BindingDB/GtoPdb - merge the source,True,False,"Disease related genes, Human disease related genes, Plasma proteins, Potential drug targets, Predicted intracellular proteins, Predicted membrane proteins, Transporters",Stromal interaction molecule 1
O60896,RAMP3,0.4228222087137328,medium,vascular endothelial cells,True,True,already in BindingDB/GtoPdb - merge the source,True,False,"FDA approved drug targets, Predicted membrane proteins, Transporters",Receptor activity modifying protein 3
Q76I76,SSH2,0.4223385526966877,medium,melanocytes,True,True,already in BindingDB/GtoPdb - merge the source,True,False,"Enzymes, Predicted intracellular proteins",Slingshot protein phosphatase 2
P62837,UBE2D2,0.4192831227225002,medium,suprabasal keratinocytes,True,True,already in BindingDB/GtoPdb - merge the source,True,False,"Enzymes, Metabolic proteins, Plasma proteins, Predicted intracellular proteins, Transporters",Ubiquitin conjugating enzyme E2 D2
Q3T906,GNPTAB,0.4116098622226297,medium,melanocytes,True,True,already in BindingDB/GtoPdb - merge the source,True,False,"Cancer-related genes, Disease related genes, Enzymes, Human disease related genes, Metabolic proteins, Potential drug targets, Predicted intracellular proteins, Predicted membrane proteins",N-acetylglucosamine-1-phosphate transferase subunits alpha and beta
Q9Y4E8,USP15,0.4085461479862415,medium,suprabasal keratinocytes,True,True,already in BindingDB/GtoPdb - merge the source,True,False,"Enzymes, Metabolic proteins, Plasma proteins, Predicted intracellular proteins",Ubiquitin specific peptidase 15
P11532,DMD,0.4040647831710875,medium,melanocytes,True,True,already in BindingDB/GtoPdb - merge the source,True,False,"Cancer-related genes, Disease related genes, FDA approved drug targets, Human disease related genes, Plasma proteins, Predicted intracellular proteins, Transporters",Dystrophin
P02792,FTL,0.7491057244718364,high,fibroblasts,True,False,literature or in-house data,True,False,"Cancer-related genes, Candidate cardiovascular disease genes, Disease related genes, FDA approved drug targets, Human disease related genes, Plasma proteins, Predicted intracellular proteins",Ferritin light chain
Q96FX8,PERP,0.7463042568040001,high,suprabasal keratinocytes,True,False,literature or in-house data,True,False,"Disease related genes, Human disease related genes, Potential drug targets, Predicted membrane proteins, Transporters",P53 apoptosis effector related to PMP22
P07355,ANXA2,0.7065121603008631,high,suprabasal keratinocytes,True,False,literature or in-house data,True,False,"Cancer-related genes, Disease related genes, FDA approved drug targets, Plasma proteins, Predicted intracellular proteins, Predicted secreted proteins, Transporters",Annexin A2
P55000,SLURP1,0.668477062514724,high,suprabasal keratinocytes,True,False,literature or in-house data,True,False,"Disease related genes, Human disease related genes, Plasma proteins, Potential drug targets, Predicted secreted proteins, Transporters",Secreted LY6/PLAUR domain containing 1
Q9H3M7,TXNIP,0.6645245858911533,high,vascular endothelial cells,True,False,literature or in-house data,True,False,"Cancer-related genes, Predicted intracellular proteins, Transporters",Thioredoxin interacting protein
P09758,TACSTD2,0.661239240486488,high,suprabasal keratinocytes,True,False,literature or in-house data,True,False,"Disease related genes, FDA approved drug targets, Human disease related genes, Predicted membrane proteins",Tumor associated calcium signal transducer 2
Q01628,IFITM3,0.6575840754220454,high,vascular endothelial cells,True,False,literature or in-house data,True,False,"Essential proteins, Predicted intracellular proteins, Predicted membrane proteins, Transporters",Interferon induced transmembrane protein 3
Q96FQ6,S100A16,0.6500459675297219,high,suprabasal keratinocytes,True,False,literature or in-house data,True,False,"Predicted intracellular proteins, Transporters",S100 calcium binding protein A16
P22352,GPX3,0.6476293657386953,high,fibroblasts,True,False,literature or in-house data,True,False,"Enzymes, Metabolic proteins, Plasma proteins, Predicted intracellular proteins, Predicted secreted proteins",Glutathione peroxidase 3
P40126,DCT,0.6343135058349141,high,melanocytes,True,False,literature or in-house data,True,False,"Disease related genes, Enzymes, Human disease related genes, Metabolic proteins, Potential drug targets, Predicted membrane proteins, Transporters",Dopachrome tautomerase
Q9Y287,ITM2B,0.6259663778989834,high,suprabasal keratinocytes,True,False,literature or in-house data,True,False,"Disease related genes, Human disease related genes, Potential drug targets, Predicted intracellular proteins, Predicted membrane proteins, Predicted secreted proteins, Transporters",Integral membrane protein 2B
P17643,TYRP1,0.6217124359708394,high,melanocytes,True,False,literature or in-house data,True,False,"Disease related genes, Human disease related genes, Metabolic proteins, Potential drug targets, Predicted intracellular proteins, Predicted membrane proteins, Transporters",Tyrosinase related protein 1
P21926,CD9,0.6213243194273191,high,suprabasal keratinocytes,True,False,literature or in-house data,True,False,"Cancer-related genes, CD markers, Plasma proteins, Predicted membrane proteins, Transporters",CD9 molecule
O95467,GNAS,0.6176364357360973,high,lymphatic endothelial cells,True,False,literature or in-house data,True,False,"Cancer-related genes, Disease related genes, Human disease related genes, Potential drug targets, Predicted intracellular proteins, Predicted membrane proteins, Transporters",GNAS complex locus
Q14515,SPARCL1,0.6026331737364683,high,vascular endothelial cells,True,False,literature or in-house data,True,False,"Cancer-related genes, Plasma proteins, Predicted intracellular proteins, Predicted secreted proteins, Transporters",SPARC like 1
P15954,COX7C,0.5990883622212562,medium,suprabasal keratinocytes,True,False,literature or in-house data,True,False,"Metabolic proteins, Predicted membrane proteins, Transporters",Cytochrome c oxidase subunit 7C
Q06055,ATP5MC2,0.5980754101308303,medium,suprabasal keratinocytes,True,False,literature or in-house data,True,False,"Essential proteins, Metabolic proteins, Predicted intracellular proteins, Predicted membrane proteins, Transporters",ATP synthase membrane subunit c locus 2
P40967,PMEL,0.5910975711693229,medium,melanocytes,True,False,literature or in-house data,True,False,"FDA approved drug targets, Predicted intracellular proteins, Predicted membrane proteins",Premelanosome protein
O95832,CLDN1,0.5860229209393171,medium,suprabasal keratinocytes,True,False,literature or in-house data,True,False,"Disease related genes, Human disease related genes, Potential drug targets, Predicted membrane proteins, Transporters",Claudin 1
Q96QD8,SLC38A2,0.577288873159053,medium,basal keratinocytes,True,False,literature or in-house data,True,False,"Essential proteins, FDA approved drug targets, Metabolic proteins, Predicted membrane proteins, Transporters",Solute carrier family 38 member 2
P0C6T2,OST4,0.5679264804496882,medium,suprabasal keratinocytes,True,False,literature or in-house data,True,False,"Predicted membrane proteins, Transporters","Oligosaccharyltransferase complex subunit 4, non-catalytic"
P62491,RAB11A,0.5619172384459872,medium,lymphatic endothelial cells,True,False,literature or in-house data,True,False,"Enzymes, Predicted intracellular proteins","RAB11A, member RAS oncogene family"
P61916,NPC2,0.555940833155298,medium,melanocytes,True,False,literature or in-house data,True,False,"Disease related genes, Human disease related genes, Plasma proteins, Potential drug targets, Predicted intracellular proteins, Predicted secreted proteins, Transporters",NPC intracellular cholesterol transporter 2
P60022,DEFB1,0.5541724870625963,medium,suprabasal keratinocytes,True,False,literature or in-house data,True,False,"Predicted secreted proteins, Transporters",Defensin beta 1
Q9UBX7,KLK11,0.5509478268826216,medium,suprabasal keratinocytes,True,False,literature or in-house data,True,False,"Cancer-related genes, Enzymes, Plasma proteins, Predicted intracellular proteins, Predicted secreted proteins",Kallikrein related peptidase 11
O14493,CLDN4,0.5503598239092649,medium,suprabasal keratinocytes,True,False,literature or in-house data,True,False,"Cancer-related genes, Disease related genes, Human disease related genes, Potential drug targets, Predicted membrane proteins, Transporters",Claudin 4
Q9BXS4,TMEM59,0.5494459468902051,medium,melanocytes,True,False,literature or in-house data,True,False,"Predicted intracellular proteins, Predicted membrane proteins, Transporters",Transmembrane protein 59
O00204,SULT2B1,0.5455063555844147,medium,suprabasal keratinocytes,True,False,literature or in-house data,True,False,"Disease related genes, Enzymes, Human disease related genes, Metabolic proteins, Potential drug targets, Predicted intracellular proteins",Sulfotransferase family 2B member 1
O00501,CLDN5,0.543076802157149,medium,lymphatic endothelial cells,True,False,literature or in-house data,True,False,"Predicted membrane proteins, Transporters",Claudin 5
Q16774,GUK1,0.5427894954802223,medium,suprabasal keratinocytes,True,False,literature or in-house data,True,False,"Enzymes, Essential proteins, Metabolic proteins, Predicted intracellular proteins",Guanylate kinase 1
P14406,COX7A2,0.5386421197917548,medium,suprabasal keratinocytes,True,False,literature or in-house data,True,False,"Metabolic proteins, Predicted intracellular proteins, Predicted membrane proteins, Transporters",Cytochrome c oxidase subunit 7A2
P10176,COX8A,0.5385378830339953,medium,suprabasal keratinocytes,True,False,literature or in-house data,True,False,"Disease related genes, Human disease related genes, Metabolic proteins, Potential drug targets, Predicted membrane proteins, Transporters",Cytochrome c oxidase subunit 8A
O95833,CLIC3,0.5385198394930355,medium,suprabasal keratinocytes,True,False,literature or in-house data,True,False,"Plasma proteins, Predicted intracellular proteins, Transporters",Chloride intracellular channel 3
P48201,ATP5MC3,0.5378189042905274,medium,suprabasal keratinocytes,True,False,literature or in-house data,True,False,"Disease related genes, Metabolic proteins, Potential drug targets, Predicted membrane proteins, Transporters",ATP synthase membrane subunit c locus 3
Q16570,ACKR1,0.533980084080397,medium,vascular endothelial cells,True,False,literature or in-house data,True,False,"Blood group antigen proteins, CD markers, G-protein coupled receptors, Predicted membrane proteins, Transporters",Atypical chemokine receptor 1 (Duffy blood group)
P62879,GNB2,0.5285986043966941,medium,suprabasal keratinocytes,True,False,literature or in-house data,True,False,"Disease related genes, Human disease related genes, Potential drug targets, Predicted intracellular proteins, RAS pathway related proteins, Transporters",G protein subunit beta 2
P31431,SDC4,0.5282235090573814,medium,suprabasal keratinocytes,True,False,literature or in-house data,True,False,"Cancer-related genes, Predicted membrane proteins, Predicted secreted proteins, Transporters",Syndecan 4
P30408,TM4SF1,0.5258224522697401,medium,vascular endothelial cells,True,False,literature or in-house data,True,False,"Predicted membrane proteins, Transporters",Transmembrane 4 L six family member 1
P18859,ATP5PF,0.5208395134612585,medium,suprabasal keratinocytes,True,False,literature or in-house data,True,False,"Metabolic proteins, Plasma proteins, Predicted intracellular proteins, Transporters",ATP synthase peripheral stalk subunit F6
Q16864,ATP6V1F,0.5175657620906267,medium,suprabasal keratinocytes,True,False,literature or in-house data,True,False,"Essential proteins, Metabolic proteins, Predicted intracellular proteins, Transporters",ATPase H+ transporting V1 subunit F
O14494,PLPP1,0.5119076333588026,medium,lymphatic endothelial cells,True,False,literature or in-house data,True,False,"Enzymes, Metabolic proteins, Predicted membrane proteins",Phospholipid phosphatase 1
Q01629,IFITM2,0.5062065448719761,medium,vascular endothelial cells,True,False,literature or in-house data,True,False,"Predicted membrane proteins, Transporters",Interferon induced transmembrane protein 2
P05496,ATP5MC1,0.5060668268238939,medium,suprabasal keratinocytes,True,False,literature or in-house data,True,False,"Metabolic proteins, Predicted intracellular proteins, Predicted membrane proteins, Transporters",ATP synthase membrane subunit c locus 1
P60602,ROMO1,0.5059990114605261,medium,suprabasal keratinocytes,True,False,literature or in-house data,True,False,"Essential proteins, Predicted intracellular proteins, Transporters",Reactive oxygen species modulator 1
P13164,IFITM1,0.505190515338724,medium,vascular endothelial cells,True,False,literature or in-house data,True,False,"CD markers, Plasma proteins, Predicted membrane proteins, Transporters",Interferon induced transmembrane protein 1
P43308,SSR2,0.5037609941452711,medium,fibroblasts,True,False,literature or in-house data,True,False,"Predicted intracellular proteins, Predicted membrane proteins, Transporters",Signal sequence receptor subunit 2
P61165,TMEM258,0.5027551466838567,medium,melanocytes,True,False,literature or in-house data,True,False,"Essential proteins, Predicted membrane proteins, Transporters",Transmembrane protein 258
Q9UI14,RABAC1,0.5020787582706161,medium,fibroblasts,True,False,literature or in-house data,True,False,"Predicted membrane proteins, Transporters",Rab acceptor 1
O14732,IMPA2,0.5003531994868232,medium,suprabasal keratinocytes,True,False,literature or in-house data,True,False,"Enzymes, Metabolic proteins, Predicted intracellular proteins",Inositol monophosphatase 2
Q9UII2,ATP5IF1,0.4977273474011698,medium,suprabasal keratinocytes,True,False,literature or in-house data,True,False,"Predicted intracellular proteins, Transporters",ATP synthase inhibitory factor subunit 1
Q01581,HMGCS1,0.4971081867848996,medium,suprabasal keratinocytes,True,False,literature or in-house data,True,False,"Enzymes, Essential proteins, Metabolic proteins, Plasma proteins, Predicted intracellular proteins",3-hydroxy-3-methylglutaryl-CoA synthase 1
P51648,ALDH3A2,0.496926628650377,medium,suprabasal keratinocytes,True,False,literature or in-house data,True,False,"Disease related genes, Enzymes, Human disease related genes, Metabolic proteins, Potential drug targets, Predicted intracellular proteins, Predicted membrane proteins",Aldehyde dehydrogenase 3 family member A2
Q8NBI2,CYB561A3,0.4942490686835986,medium,melanocytes,True,False,literature or in-house data,True,False,"Enzymes, Predicted intracellular proteins, Predicted membrane proteins",Cytochrome b561 family member A3
Q9NZJ7,MTCH1,0.4921643767911697,medium,fibroblasts,True,False,literature or in-house data,True,False,"Predicted membrane proteins, Transporters",Mitochondrial carrier 1
Q8WVX3,C4orf3,0.4908123139247774,medium,suprabasal keratinocytes,True,False,literature or in-house data,True,False,"Predicted membrane proteins, Transporters",Chromosome 4 open reading frame 3
P23634,ATP2B4,0.4887381282811179,medium,suprabasal keratinocytes,True,False,literature or in-house data,True,False,"Enzymes, FDA approved drug targets, Metabolic proteins, Predicted intracellular proteins, Predicted membrane proteins, Transporters",ATPase plasma membrane Ca2+ transporting 4
P21580,TNFAIP3,0.4868724180674272,medium,basal keratinocytes,True,False,literature or in-house data,True,False,"Cancer-related genes, Disease related genes, Enzymes, Human disease related genes, Plasma proteins, Potential drug targets, Predicted intracellular proteins",TNF alpha induced protein 3
Q9UBD6,RHCG,0.4861897125086282,medium,suprabasal keratinocytes,True,False,literature or in-house data,True,False,"Metabolic proteins, Predicted membrane proteins, Transporters",Rh family C glycoprotein
Q9BVK8,TMEM147,0.4858655187728525,medium,melanocytes,True,False,literature or in-house data,True,False,"Disease related genes, Potential drug targets, Predicted membrane proteins, Transporters",Transmembrane protein 147
Q969X1,TMBIM1,0.4847962006814843,medium,suprabasal keratinocytes,True,False,literature or in-house data,True,False,"Predicted intracellular proteins, Predicted membrane proteins, Transporters",Transmembrane BAX inhibitor motif containing 1
P48509,CD151,0.4830849186857087,medium,lymphatic endothelial cells,True,False,literature or in-house data,True,False,"Blood group antigen proteins, CD markers, Disease related genes, Human disease related genes, Potential drug targets, Predicted membrane proteins, Transporters",CD151 molecule (Raph blood group)
P04275,VWF,0.4827592051724743,medium,vascular endothelial cells,True,False,literature or in-house data,True,False,"Cancer-related genes, Candidate cardiovascular disease genes, Disease related genes, FDA approved drug targets, Human disease related genes, Plasma proteins, Predicted secreted proteins",Von Willebrand factor
Q8TEC5,SH3RF2,0.4827413783316632,medium,basal keratinocytes,True,False,literature or in-house data,True,False,"Enzymes, Metabolic proteins, Predicted intracellular proteins",SH3 domain containing ring finger 2
Q99735,MGST2,0.4818750172526185,medium,lymphatic endothelial cells,True,False,literature or in-house data,True,False,"Enzymes, Metabolic proteins, Predicted intracellular proteins, Predicted membrane proteins",Microsomal glutathione S-transferase 2
P63241,EIF5A,0.4816703007602116,medium,suprabasal keratinocytes,True,False,literature or in-house data,True,False,"Cancer-related genes, Disease related genes, Essential proteins, Plasma proteins, Potential drug targets, Predicted intracellular proteins, Transporters",Eukaryotic translation initiation factor 5A
Q53TN4,CYBRD1,0.4806393514928392,medium,fibroblasts,True,False,literature or in-house data,True,False,"Enzymes, Metabolic proteins, Predicted membrane proteins, Transporters",Cytochrome b reductase 1
Q8TCT6,SPPL3,0.4763646756549262,medium,suprabasal keratinocytes,True,False,literature or in-house data,True,False,"Enzymes, Predicted membrane proteins",Signal peptide peptidase like 3
Q8IUX7,AEBP1,0.4762733183799881,medium,fibroblasts,True,False,literature or in-house data,True,False,"Disease related genes, Enzymes, Human disease related genes, Potential drug targets, Predicted intracellular proteins, Predicted secreted proteins",AE binding protein 1
Q96A09,TENT5B,0.4758496550453837,medium,suprabasal keratinocytes,True,False,literature or in-house data,True,False,"Enzymes, Predicted intracellular proteins",Terminal nucleotidyltransferase 5B
Q9Y3Q3,TMED3,0.4741248680068571,medium,suprabasal keratinocytes,True,False,literature or in-house data,True,False,"Predicted intracellular proteins, Predicted membrane proteins, Transporters",Transmembrane p24 trafficking protein 3
O75712,GJB3,0.4739476477376458,medium,suprabasal keratinocytes,True,False,literature or in-house data,True,False,"Disease related genes, Human disease related genes, Potential drug targets, Predicted membrane proteins, Transporters",Gap junction protein beta 3
P04179,SOD2,0.4739297992328909,medium,fibroblasts,True,False,literature or in-house data,True,False,"Cancer-related genes, Disease related genes, Enzymes, Human disease related genes, Plasma proteins, Potential drug targets, Predicted intracellular proteins",Superoxide dismutase 2
O94979,SEC31A,0.4737665478810541,medium,fibroblasts,True,False,literature or in-house data,True,False,"Disease related genes, Human disease related genes, Plasma proteins, Potential drug targets, Predicted intracellular proteins, Transporters","SEC31 homolog A, COPII coat complex component"
O14495,PLPP3,0.4735490552971179,medium,fibroblasts,True,False,literature or in-house data,True,False,"Enzymes, Metabolic proteins, Plasma proteins, Predicted membrane proteins",Phospholipid phosphatase 3
P61224,RAP1B,0.472200039179253,medium,vascular endothelial cells,True,False,literature or in-house data,True,False,"Enzymes, Essential proteins, Plasma proteins, Predicted intracellular proteins, RAS pathway related proteins","RAP1B, member of RAS oncogene family"
Q7Z419,RNF144B,0.4715975586136181,medium,suprabasal keratinocytes,True,False,literature or in-house data,True,False,"Enzymes, Metabolic proteins, Predicted membrane proteins",Ring finger protein 144B
Q9Y693,LHFPL6,0.4692623730253971,medium,fibroblasts,True,False,literature or in-house data,True,False,"Disease related genes, Potential drug targets, Predicted membrane proteins, Transporters",LHFPL tetraspan subfamily member 6
P12277,CKB,0.468802151992376,medium,fibroblasts,True,False,literature or in-house data,True,False,"Cancer-related genes, Candidate cardiovascular disease genes, Enzymes, FDA approved drug targets, Metabolic proteins, Plasma proteins, Predicted intracellular proteins",Creatine kinase B
Q14914,PTGR1,0.4682641459555932,medium,suprabasal keratinocytes,True,False,literature or in-house data,True,False,"Enzymes, Metabolic proteins, Plasma proteins, Predicted intracellular proteins",Prostaglandin reductase 1
Q8N6M6,AOPEP,0.4677414588184621,medium,melanocytes,True,False,literature or in-house data,True,False,"Disease related genes, Enzymes, Human disease related genes, Plasma proteins, Potential drug targets, Predicted intracellular proteins",Aminopeptidase O (putative)
O15217,GSTA4,0.4665975887466035,medium,suprabasal keratinocytes,True,False,literature or in-house data,True,False,"Enzymes, Metabolic proteins, Predicted intracellular proteins",Glutathione S-transferase alpha 4
Q15311,RALBP1,0.466089924945383,medium,suprabasal keratinocytes,True,False,literature or in-house data,True,False,"Enzymes, Metabolic proteins, Predicted intracellular proteins, RAS pathway related proteins, Transporters",RalA binding protein 1
O43278,SPINT1,0.4651835203388798,medium,suprabasal keratinocytes,True,False,literature or in-house data,True,False,"Cancer-related genes, Essential proteins, Plasma proteins, Predicted intracellular proteins, Predicted membrane proteins, Predicted secreted proteins, Transporters","Serine peptidase inhibitor, Kunitz type 1"
Q9Y653,ADGRG1,0.4651777125805388,medium,melanocytes,True,False,literature or in-house data,True,False,"Disease related genes, G-protein coupled receptors, Human disease related genes, Potential drug targets, Predicted intracellular proteins, Predicted membrane proteins, Predicted secreted proteins",Adhesion G protein-coupled receptor G1
Q9UQC9,CLCA2,0.4638708122231231,medium,suprabasal keratinocytes,True,False,literature or in-house data,True,False,"Predicted membrane proteins, Transporters",Chloride channel accessory 2
Q9UHQ9,CYB5R1,0.463401905272667,medium,basal keratinocytes,True,False,literature or in-house data,True,False,"Enzymes, Metabolic proteins, Predicted intracellular proteins",Cytochrome b5 reductase 1
P62256,UBE2H,0.4626104519427331,medium,suprabasal keratinocytes,True,False,literature or in-house data,True,False,"Enzymes, Metabolic proteins, Predicted intracellular proteins",Ubiquitin conjugating enzyme E2 H
Q96DB9,FXYD5,0.4623611818230235,medium,vascular endothelial cells,True,False,literature or in-house data,True,False,"Plasma proteins, Predicted membrane proteins, Transporters",FXYD domain containing ion transport regulator 5
Q8IYB3,SRRM1,0.462057118391654,medium,basal keratinocytes,True,False,literature or in-house data,True,False,"Essential proteins, Plasma proteins, Predicted intracellular proteins, Transporters",Serine and arginine repetitive matrix 1
Q13438,OS9,0.458686474575222,medium,melanocytes,True,False,literature or in-house data,True,False,"Essential proteins, Predicted intracellular proteins, Transporters",OS9 endoplasmic reticulum lectin
Q9NVJ2,ARL8B,0.45842258603948,medium,suprabasal keratinocytes,True,False,literature or in-house data,True,False,"Enzymes, Predicted intracellular proteins",ADP ribosylation factor like GTPase 8B
Q15287,RNPS1,0.4573962211471323,medium,basal keratinocytes,True,False,literature or in-house data,True,False,"Essential proteins, Predicted intracellular proteins, Transporters",RNA binding protein with serine rich domain 1
O15519,CFLAR,0.4573576373093847,medium,vascular endothelial cells,True,False,literature or in-house data,True,False,"Cancer-related genes, Enzymes, Predicted intracellular proteins",CASP8 and FADD like apoptosis regulator
O60238,BNIP3L,0.4556718039707834,medium,fibroblasts,True,False,literature or in-house data,True,False,"Cancer-related genes, Predicted membrane proteins, Transporters",BCL2 interacting protein 3 like
P78310,CXADR,0.4553329591641387,medium,basal keratinocytes,True,False,literature or in-house data,True,False,"Predicted membrane proteins, Predicted secreted proteins, Transporters",CXADR Ig-like cell adhesion molecule
P50440,GATM,0.4543486504016322,medium,suprabasal keratinocytes,True,False,literature or in-house data,True,False,"Disease related genes, Enzymes, Human disease related genes, Metabolic proteins, Plasma proteins, Potential drug targets, Predicted intracellular proteins",Glycine amidinotransferase
Q8IU89,CERS3,0.4527956350324587,medium,suprabasal keratinocytes,True,False,literature or in-house data,True,False,"Disease related genes, Enzymes, Human disease related genes, Metabolic proteins, Potential drug targets, Predicted intracellular proteins, Predicted membrane proteins",Ceramide synthase 3
Q7Z429,GRINA,0.4524246904396334,medium,fibroblasts,True,False,literature or in-house data,True,False,"Predicted intracellular proteins, Predicted membrane proteins, Transporters",Glutamate ionotropic receptor NMDA type subunit associated protein 1
P53804,TTC3,0.4522098230734612,medium,melanocytes,True,False,literature or in-house data,True,False,"Enzymes, Metabolic proteins, Plasma proteins, Predicted intracellular proteins, Predicted membrane proteins",Tetratricopeptide repeat domain 3
Q12891,HYAL2,0.4503046147942547,medium,lymphatic endothelial cells,True,False,literature or in-house data,True,False,"Enzymes, Metabolic proteins, Predicted intracellular proteins, Predicted membrane proteins",Hyaluronidase 2
Q8N1Q8,THEM5,0.4477095920893695,medium,suprabasal keratinocytes,True,False,literature or in-house data,True,False,"Enzymes, Metabolic proteins, Predicted intracellular proteins",Thioesterase superfamily member 5
Q9NZV1,CRIM1,0.4466548222885208,medium,vascular endothelial cells,True,False,literature or in-house data,True,False,"Predicted intracellular proteins, Predicted membrane proteins, Transporters",Cysteine rich transmembrane BMP regulator 1
Q9H0U4,RAB1B,0.4461149837948392,medium,suprabasal keratinocytes,True,False,literature or in-house data,True,False,"Enzymes, Essential proteins, Plasma proteins, Predicted intracellular proteins","RAB1B, member RAS oncogene family"
Q9H6X4,TMEM134,0.445484680689832,medium,suprabasal keratinocytes,True,False,literature or in-house data,True,False,"Predicted membrane proteins, Transporters",Transmembrane protein 134
P60201,PLP1,0.445027872475113,medium,melanocytes,True,False,literature or in-house data,True,False,"Cancer-related genes, Disease related genes, Human disease related genes, Potential drug targets, Predicted membrane proteins, Transporters",Proteolipid protein 1
P61421,ATP6V0D1,0.4444851263111746,medium,suprabasal keratinocytes,True,False,literature or in-house data,True,False,"Essential proteins, Metabolic proteins, Plasma proteins, Predicted intracellular proteins, Transporters",ATPase H+ transporting V0 subunit d1
P61599,NAA20,0.4442559231757487,medium,suprabasal keratinocytes,True,False,literature or in-house data,True,False,"Disease related genes, Enzymes, Essential proteins, Human disease related genes, Metabolic proteins, Potential drug targets, Predicted intracellular proteins","N-alpha-acetyltransferase 20, NatB catalytic subunit"
O76070,SNCG,0.4441916867225188,medium,lymphatic endothelial cells,True,False,literature or in-house data,True,False,"Predicted intracellular proteins, Transporters",Synuclein gamma
Q6NUT3,MFSD12,0.4434713369273343,medium,melanocytes,True,False,literature or in-house data,True,False,"Predicted intracellular proteins, Predicted membrane proteins, Transporters",Major facilitator superfamily domain containing 12
P41091,EIF2S3,0.4433932829224346,medium,suprabasal keratinocytes,True,False,literature or in-house data,True,False,"Disease related genes, Enzymes, Essential proteins, Human disease related genes, Plasma proteins, Potential drug targets, Predicted intracellular proteins",Eukaryotic translation initiation factor 2 subunit gamma
Q96CV9,OPTN,0.443306836319378,medium,melanocytes,True,False,literature or in-house data,True,False,"Disease related genes, Human disease related genes, Potential drug targets, Predicted intracellular proteins, Transporters",Optineurin
Q8NI32,LYPD6B,0.4428924050800505,medium,suprabasal keratinocytes,True,False,literature or in-house data,True,False,"Predicted intracellular proteins, Transporters",LY6/PLAUR domain containing 6B
O75787,ATP6AP2,0.4418630791682026,medium,melanocytes,True,False,literature or in-house data,True,False,"Disease related genes, Essential proteins, Human disease related genes, Potential drug targets, Predicted intracellular proteins, Predicted membrane proteins, Transporters",ATPase H+ transporting accessory protein 2
O75915,ARL6IP5,0.4416684531610571,medium,fibroblasts,True,False,literature or in-house data,True,False,"Predicted membrane proteins, Transporters",ADP ribosylation factor like GTPase 6 interacting protein 5
Q9H6Y7,RNF167,0.4416489490916616,medium,suprabasal keratinocytes,True,False,literature or in-house data,True,False,"Enzymes, Metabolic proteins, Predicted intracellular proteins, Predicted membrane proteins",Ring finger protein 167
O94901,SUN1,0.4412646072460304,medium,basal keratinocytes,True,False,literature or in-house data,True,False,"Predicted intracellular proteins, Predicted membrane proteins, Transporters",Sad1 and UNC84 domain containing 1
P21145,MAL,0.441069874313777,medium,suprabasal keratinocytes,True,False,literature or in-house data,True,False,"Predicted membrane proteins, Transporters","Mal, T cell differentiation protein"
P51003,PAPOLA,0.4408893537774494,medium,suprabasal keratinocytes,True,False,literature or in-house data,True,False,"Enzymes, Metabolic proteins, Plasma proteins, Predicted intracellular proteins, Predicted membrane proteins",Poly(A) polymerase alpha
P00367,GLUD1,0.4405518443539731,medium,suprabasal keratinocytes,True,False,literature or in-house data,True,False,"Disease related genes, Enzymes, Human disease related genes, Metabolic proteins, Plasma proteins, Potential drug targets, Predicted intracellular proteins",Glutamate dehydrogenase 1
P16870,CPE,0.440399729343077,medium,fibroblasts,True,False,literature or in-house data,True,False,"Disease related genes, Enzymes, Plasma proteins, Potential drug targets, Predicted intracellular proteins",Carboxypeptidase E
Q8NG11,TSPAN14,0.4400794316263787,medium,lymphatic endothelial cells,True,False,literature or in-house data,True,False,"Predicted membrane proteins, Transporters",Tetraspanin 14
Q70CQ2,USP34,0.4398306862779462,medium,vascular endothelial cells,True,False,literature or in-house data,True,False,"Enzymes, Metabolic proteins, Predicted intracellular proteins",Ubiquitin specific peptidase 34
Q6NVY1,HIBCH,0.4391451855131997,medium,vascular endothelial cells,True,False,literature or in-house data,True,False,"Disease related genes, Enzymes, Human disease related genes, Metabolic proteins, Potential drug targets, Predicted intracellular proteins",3-hydroxyisobutyryl-CoA hydrolase
P24310,COX7A1,0.4384780819960115,medium,lymphatic endothelial cells,True,False,literature or in-house data,True,False,"Metabolic proteins, Predicted intracellular proteins, Predicted membrane proteins, Transporters",Cytochrome c oxidase subunit 7A1
Q12955,ANK3,0.4379728191022145,medium,basal keratinocytes,True,False,literature or in-house data,True,False,"Cancer-related genes, Disease related genes, Human disease related genes, Plasma proteins, Potential drug targets, Predicted intracellular proteins, Transporters",Ankyrin 3
Q9NY35,CLDND1,0.4362514909380099,medium,suprabasal keratinocytes,True,False,literature or in-house data,True,False,"Predicted intracellular proteins, Predicted membrane proteins, Transporters",Claudin domain containing 1
Q9P0P0,RNF181,0.4356482712418154,medium,melanocytes,True,False,literature or in-house data,True,False,"Enzymes, Predicted intracellular proteins",Ring finger protein 181
Q8N3Y7,SDR16C5,0.4355880502736245,medium,suprabasal keratinocytes,True,False,literature or in-house data,True,False,"Enzymes, Metabolic proteins, Predicted membrane proteins",Short chain dehydrogenase/reductase family 16C member 5
P62714,PPP2CB,0.4353031974031145,medium,basal keratinocytes,True,False,literature or in-house data,True,False,"Enzymes, Predicted intracellular proteins",Protein phosphatase 2 catalytic subunit beta
O95807,TMEM50A,0.434250753142024,medium,suprabasal keratinocytes,True,False,literature or in-house data,True,False,"Predicted membrane proteins, Transporters",Transmembrane protein 50A
P48448,ALDH3B2,0.433347895327293,medium,suprabasal keratinocytes,True,False,literature or in-house data,True,False,"Enzymes, FDA approved drug targets, Metabolic proteins, Predicted intracellular proteins, Predicted membrane proteins",Aldehyde dehydrogenase 3 family member B2
P81605,DCD,0.4329076479860079,medium,basal keratinocytes,True,False,literature or in-house data,True,False,"Plasma proteins, Predicted secreted proteins, Transporters",Dermcidin
Q9Y639,NPTN,0.4327320071135755,medium,basal keratinocytes,True,False,literature or in-house data,True,False,"Predicted intracellular proteins, Predicted membrane proteins, Transporters",Neuroplastin
P30414,NKTR,0.4319692034476027,medium,lymphatic endothelial cells,True,False,literature or in-house data,True,False,"Enzymes, Metabolic proteins, Predicted intracellular proteins",Natural killer cell triggering receptor
Q8N3T1,GALNT15,0.4311925172918435,medium,fibroblasts,True,False,literature or in-house data,True,False,"Enzymes, Metabolic proteins, Predicted intracellular proteins",Polypeptide N-acetylgalactosaminyltransferase 15
O15194,CTDSPL,0.4307131319066422,medium,lymphatic endothelial cells,True,False,literature or in-house data,True,False,"Enzymes, Plasma proteins, Predicted intracellular proteins",CTD small phosphatase like
P55345,PRMT2,0.4306660885291859,medium,melanocytes,True,False,literature or in-house data,True,False,"Enzymes, Predicted intracellular proteins",Protein arginine methyltransferase 2
Q969T4,UBE2E3,0.4290026605638994,medium,melanocytes,True,False,literature or in-house data,True,False,"Enzymes, Metabolic proteins, Predicted intracellular proteins",Ubiquitin conjugating enzyme E2 E3
O76062,TM7SF2,0.4289638398291999,medium,suprabasal keratinocytes,True,False,literature or in-house data,True,False,"Enzymes, Metabolic proteins, Predicted membrane proteins",Transmembrane 7 superfamily member 2
P05120,SERPINB2,0.4289451221059795,medium,basal keratinocytes,True,False,literature or in-house data,True,False,"Cancer-related genes, FDA approved drug targets, Plasma proteins, Predicted intracellular proteins",Serpin family B member 2
P62253,UBE2G1,0.4284787793066367,medium,suprabasal keratinocytes,True,False,literature or in-house data,True,False,"Enzymes, Metabolic proteins, Plasma proteins, Predicted intracellular proteins",Ubiquitin conjugating enzyme E2 G1
Q9UBQ0,VPS29,0.4282318451203561,medium,suprabasal keratinocytes,True,False,literature or in-house data,True,False,"Essential proteins, Metabolic proteins, Plasma proteins, Predicted intracellular proteins, Transporters",VPS29 retromer complex component
Q6P1R4,DUS1L,0.4275479633181192,medium,suprabasal keratinocytes,True,False,literature or in-house data,True,False,"Enzymes, Predicted intracellular proteins",Dihydrouridine synthase 1 like
Q9BZJ4,SLC25A39,0.4269266084416739,medium,suprabasal keratinocytes,True,False,literature or in-house data,True,False,"Metabolic proteins, Predicted intracellular proteins, Predicted membrane proteins, Transporters",Solute carrier family 25 member 39
Q15907,RAB11B,0.4258981855609905,medium,lymphatic endothelial cells,True,False,literature or in-house data,True,False,"Disease related genes, Enzymes, Human disease related genes, Potential drug targets, Predicted intracellular proteins","RAB11B, member RAS oncogene family"
Q13530,SERINC3,0.4257948415781149,medium,vascular endothelial cells,True,False,literature or in-house data,True,False,"Predicted membrane proteins, Transporters",Serine incorporator 3
Q9UIJ7,AK3,0.4241321489961561,medium,suprabasal keratinocytes,True,False,literature or in-house data,True,False,"Enzymes, Metabolic proteins, Plasma proteins, Predicted intracellular proteins",Adenylate kinase 3
Q9UJ70,NAGK,0.4238975074785323,medium,suprabasal keratinocytes,True,False,literature or in-house data,True,False,"Enzymes, Metabolic proteins, Predicted intracellular proteins",N-acetylglucosamine kinase
P49189,ALDH9A1,0.4235774682673212,medium,suprabasal keratinocytes,True,False,literature or in-house data,True,False,"Enzymes, Metabolic proteins, Plasma proteins, Predicted intracellular proteins",Aldehyde dehydrogenase 9 family member A1
Q13433,SLC39A6,0.4232476123333338,medium,melanocytes,True,False,literature or in-house data,True,False,"Metabolic proteins, Predicted membrane proteins, Transporters",Solute carrier family 39 member 6
O60637,TSPAN3,0.4230933303513142,medium,melanocytes,True,False,literature or in-house data,True,False,"Predicted intracellular proteins, Predicted membrane proteins, Transporters",Tetraspanin 3
O95084,PRSS23,0.422322693078932,medium,vascular endothelial cells,True,False,literature or in-house data,True,False,"Enzymes, Plasma proteins, Predicted intracellular proteins, Predicted secreted proteins",Serine protease 23
Q8NA29,MFSD2A,0.4213438404867853,medium,basal keratinocytes,True,False,literature or in-house data,True,False,"Disease related genes, Human disease related genes, Potential drug targets, Predicted membrane proteins, Transporters",Major facilitator superfamily domain containing 2A
Q9UHY1,NRBP1,0.4201747042696704,medium,suprabasal keratinocytes,True,False,literature or in-house data,True,False,"Enzymes, Essential proteins, Predicted intracellular proteins",Nuclear receptor binding protein 1
Q16394,EXT1,0.4200391492408913,medium,basal keratinocytes,True,False,literature or in-house data,True,False,"Cancer-related genes, Disease related genes, Enzymes, Human disease related genes, Metabolic proteins, Potential drug targets, Predicted membrane proteins",Exostosin glycosyltransferase 1
Q8N2I9,STK40,0.4199597739407533,medium,suprabasal keratinocytes,True,False,literature or in-house data,True,False,"Enzymes, Predicted membrane proteins",Serine/threonine kinase 40
Q6DKJ4,NXN,0.4199106883545808,medium,lymphatic endothelial cells,True,False,literature or in-house data,True,False,"Disease related genes, Enzymes, Human disease related genes, Potential drug targets, Predicted intracellular proteins",Nucleoredoxin
Q07954,LRP1,0.4194802937634942,medium,fibroblasts,True,False,literature or in-house data,True,False,"Candidate cardiovascular disease genes, CD markers, Disease related genes, Human disease related genes, Plasma proteins, Potential drug targets, Predicted intracellular proteins, Predicted membrane proteins, Transporters",LDL receptor related protein 1
Q8IWA5,SLC44A2,0.4193295558960499,medium,vascular endothelial cells,True,False,literature or in-house data,True,False,"Metabolic proteins, Predicted intracellular proteins, Predicted membrane proteins, Transporters",Solute carrier family 44 member 2
Q92503,SEC14L1,0.4190065923078898,medium,vascular endothelial cells,True,False,literature or in-house data,True,False,"Plasma proteins, Predicted intracellular proteins, Transporters",SEC14 like lipid binding 1
O75911,DHRS3,0.4178732855729314,medium,fibroblasts,True,False,literature or in-house data,True,False,"Enzymes, Metabolic proteins, Predicted intracellular proteins, Predicted membrane proteins",Dehydrogenase/reductase 3
O14595,CTDSP2,0.4174430765928174,medium,melanocytes,True,False,literature or in-house data,True,False,"Enzymes, Predicted intracellular proteins",CTD small phosphatase 2
Q9BV68,RNF126,0.4173072433577162,medium,basal keratinocytes,True,False,literature or in-house data,True,False,"Enzymes, Metabolic proteins, Predicted intracellular proteins",Ring finger protein 126
Q3YBM2,TMEM176B,0.4165707898742109,medium,fibroblasts,True,False,literature or in-house data,True,False,"Predicted membrane proteins, Transporters",Transmembrane protein 176B
Q9NPA0,EMC7,0.4162297293424318,medium,melanocytes,True,False,literature or in-house data,True,False,"Essential proteins, Predicted membrane proteins, Transporters",ER membrane protein complex subunit 7
O75131,CPNE3,0.4158031127149121,medium,suprabasal keratinocytes,True,False,literature or in-house data,True,False,"Plasma proteins, Predicted intracellular proteins, Transporters",Copine 3
Q8NBN3,TMEM87A,0.4156609134303092,medium,suprabasal keratinocytes,True,False,literature or in-house data,True,False,"Predicted intracellular proteins, Predicted membrane proteins, Transporters",Transmembrane protein 87A
Q96B67,ARRDC3,0.4154565539202078,medium,vascular endothelial cells,True,False,literature or in-house data,True,False,"Predicted intracellular proteins, Transporters",Arrestin domain containing 3
Q16829,DUSP7,0.4149981221216354,medium,basal keratinocytes,True,False,literature or in-house data,True,False,"Enzymes, Predicted intracellular proteins",Dual specificity phosphatase 7
Q9Y2G3,ATP11B,0.4144386207184891,medium,suprabasal keratinocytes,True,False,literature or in-house data,True,False,"Enzymes, Predicted membrane proteins, Transporters",ATPase phospholipid transporting 11B (putative)
O95071,UBR5,0.4144135324087785,medium,vascular endothelial cells,True,False,literature or in-house data,True,False,"Cancer-related genes, Enzymes, Metabolic proteins, Predicted intracellular proteins",Ubiquitin protein ligase E3 component n-recognin 5
P46060,RANGAP1,0.4143767774076144,medium,suprabasal keratinocytes,True,False,literature or in-house data,True,False,"Essential proteins, Plasma proteins, Predicted intracellular proteins, Transporters",Ran GTPase activating protein 1
Q9H992,MARCHF7,0.4142073475762532,medium,suprabasal keratinocytes,True,False,literature or in-house data,True,False,"Enzymes, Metabolic proteins, Predicted intracellular proteins",Membrane associated ring-CH-type finger 7
O60784,TOM1,0.4138424404898675,medium,suprabasal keratinocytes,True,False,literature or in-house data,True,False,"Cancer-related genes, Disease related genes, Human disease related genes, Potential drug targets, Predicted intracellular proteins, Transporters",Target of myb1 membrane trafficking protein
Q712K3,UBE2R2,0.4134814333263322,medium,suprabasal keratinocytes,True,False,literature or in-house data,True,False,"Enzymes, Metabolic proteins, Predicted intracellular proteins",Ubiquitin conjugating enzyme E2 R2
Q12959,DLG1,0.4133929877536797,medium,suprabasal keratinocytes,True,False,literature or in-house data,True,False,"Predicted intracellular proteins, Transporters",Discs large MAGUK scaffold protein 1
Q13867,BLMH,0.4132014825795452,medium,basal keratinocytes,True,False,literature or in-house data,True,False,"Cancer-related genes, Enzymes, Plasma proteins, Predicted intracellular proteins",Bleomycin hydrolase
Q9H6B9,EPHX3,0.4130621058099943,medium,suprabasal keratinocytes,True,False,literature or in-house data,True,False,"Enzymes, Predicted intracellular proteins",Epoxide hydrolase 3
O43736,ITM2A,0.4130211921266875,medium,vascular endothelial cells,True,False,literature or in-house data,True,False,"Predicted intracellular proteins, Predicted membrane proteins, Transporters",Integral membrane protein 2A
Q9C0A6,SETD5,0.4128058321125892,medium,basal keratinocytes,True,False,literature or in-house data,True,False,"Disease related genes, Enzymes, Human disease related genes, Metabolic proteins, Potential drug targets, Predicted intracellular proteins, Predicted membrane proteins",SET domain containing 5
Q14669,TRIP12,0.4127944288565682,medium,vascular endothelial cells,True,False,literature or in-house data,True,False,"Disease related genes, Enzymes, Human disease related genes, Metabolic proteins, Plasma proteins, Potential drug targets, Predicted intracellular proteins",Thyroid hormone receptor interactor 12
Q8N2U9,SLC66A2,0.4127802896629472,medium,suprabasal keratinocytes,True,False,literature or in-house data,True,False,"Predicted membrane proteins, Transporters",Solute carrier family 66 member 2
Q99643,SDHC,0.4125407226198058,medium,suprabasal keratinocytes,True,False,literature or in-house data,True,False,"Cancer-related genes, Citric acid cycle related proteins, Disease related genes, Essential proteins, Human disease related genes, Metabolic proteins, Potential drug targets, Predicted intracellular proteins, Predicted membrane proteins, Transporters",Succinate dehydrogenase complex subunit C
Q5J8M3,EMC4,0.4123540122631846,medium,suprabasal keratinocytes,True,False,literature or in-house data,True,False,"Predicted intracellular proteins, Predicted membrane proteins, Transporters",ER membrane protein complex subunit 4
Q13907,IDI1,0.4121841910673511,medium,suprabasal keratinocytes,True,False,literature or in-house data,True,False,"Enzymes, Metabolic proteins, Predicted intracellular proteins",Isopentenyl-diphosphate delta isomerase 1
P33908,MAN1A1,0.4121569331302979,medium,lymphatic endothelial cells,True,False,literature or in-house data,True,False,"Enzymes, Metabolic proteins, Plasma proteins, Predicted membrane proteins",Mannosidase alpha class 1A member 1
O14647,CHD2,0.4116788430384676,medium,suprabasal keratinocytes,True,False,literature or in-house data,True,False,"Disease related genes, Enzymes, Human disease related genes, Plasma proteins, Potential drug targets, Predicted intracellular proteins",Chromodomain helicase DNA binding protein 2
Q9HC24,TMBIM4,0.4111711726384983,medium,melanocytes,True,False,literature or in-house data,True,False,"Predicted intracellular proteins, Predicted membrane proteins, Transporters",Transmembrane BAX inhibitor motif containing 4
Q5VYS8,TUT7,0.4109116386975625,medium,suprabasal keratinocytes,True,False,literature or in-house data,True,False,"Enzymes, Metabolic proteins, Predicted intracellular proteins",Terminal uridylyl transferase 7
Q9BW72,HIGD2A,0.4104541289458727,medium,suprabasal keratinocytes,True,False,literature or in-house data,True,False,"Essential proteins, Metabolic proteins, Predicted membrane proteins, Transporters",HIG1 hypoxia inducible domain family member 2A
Q9NRQ2,PLSCR4,0.4102638648608208,medium,lymphatic endothelial cells,True,False,literature or in-house data,True,False,"Plasma proteins, Predicted intracellular proteins, Predicted membrane proteins, Transporters",Phospholipid scramblase 4
O00159,MYO1C,0.4098637716338458,medium,vascular endothelial cells,True,False,literature or in-house data,True,False,"Predicted intracellular proteins, Transporters",Myosin IC
Q13630,GFUS,0.4095074664155482,medium,suprabasal keratinocytes,True,False,literature or in-house data,True,False,"Enzymes, Metabolic proteins, Predicted intracellular proteins",GDP-L-fucose synthase
Q15836,VAMP3,0.409437194893306,medium,melanocytes,True,False,literature or in-house data,True,False,"Cancer-related genes, Predicted membrane proteins, Transporters",Vesicle associated membrane protein 3
Q9H0M0,WWP1,0.4093030106028338,medium,vascular endothelial cells,True,False,literature or in-house data,True,False,"Enzymes, Metabolic proteins, Predicted intracellular proteins, Predicted membrane proteins",WW domain containing E3 ubiquitin protein ligase 1
Q9GZM5,YIPF3,0.4092276467152838,medium,lymphatic endothelial cells,True,False,literature or in-house data,True,False,"Predicted intracellular proteins, Predicted membrane proteins, Transporters",Yip1 domain family member 3
P62140,PPP1CB,0.4091902398693232,medium,fibroblasts,True,False,literature or in-house data,True,False,"Disease related genes, Enzymes, Essential proteins, Human disease related genes, Plasma proteins, Potential drug targets, Predicted intracellular proteins",Protein phosphatase 1 catalytic subunit beta
Q9H2H9,SLC38A1,0.4091885108063519,medium,suprabasal keratinocytes,True,False,literature or in-house data,True,False,"FDA approved drug targets, Metabolic proteins, Predicted intracellular proteins, Predicted membrane proteins, Transporters",Solute carrier family 38 member 1
P20339,RAB5A,0.4091737181740267,medium,suprabasal keratinocytes,True,False,literature or in-house data,True,False,"Enzymes, Predicted intracellular proteins, RAS pathway related proteins","RAB5A, member RAS oncogene family"
Q9BSB4,ATG101,0.4090341210620109,medium,basal keratinocytes,True,False,literature or in-house data,True,False,"Predicted intracellular proteins, Transporters",Autophagy related 101
O95302,FKBP9,0.4074690842454662,medium,vascular endothelial cells,True,False,literature or in-house data,True,False,"Enzymes, Metabolic proteins, Plasma proteins, Predicted intracellular proteins",FKBP prolyl isomerase 9
Q9Y5S9,RBM8A,0.407322787425973,medium,vascular endothelial cells,True,False,literature or in-house data,True,False,"Disease related genes, Essential proteins, Human disease related genes, Plasma proteins, Potential drug targets, Predicted intracellular proteins, Transporters",RNA binding motif protein 8A
Q8IWT6,LRRC8A,0.4071579316930039,medium,suprabasal keratinocytes,True,False,literature or in-house data,True,False,"Disease related genes, Human disease related genes, Plasma proteins, Potential drug targets, Predicted membrane proteins, Transporters",Leucine rich repeat containing 8 VRAC subunit A
Q5SR56,MFSD14B,0.407089655387717,medium,melanocytes,True,False,literature or in-house data,True,False,"Predicted membrane proteins, Transporters",Major facilitator superfamily domain containing 14B
Q8NC42,RNF149,0.406558324242271,medium,suprabasal keratinocytes,True,False,literature or in-house data,True,False,"Enzymes, Metabolic proteins, Predicted membrane proteins",Ring finger protein 149
Q8WWZ7,ABCA5,0.4063070478540754,medium,melanocytes,True,False,literature or in-house data,True,False,"Human disease related genes, Predicted intracellular proteins, Predicted membrane proteins, Transporters",ATP binding cassette subfamily A member 5
Q12983,BNIP3,0.4061558892867859,medium,fibroblasts,True,False,literature or in-house data,True,False,"Cancer-related genes, Predicted membrane proteins, Transporters",BCL2 interacting protein 3
P47985,UQCRFS1,0.4060575478038685,medium,suprabasal keratinocytes,True,False,literature or in-house data,True,False,"Disease related genes, Enzymes, Essential proteins, Human disease related genes, Metabolic proteins, Potential drug targets, Predicted intracellular proteins","Ubiquinol-cytochrome c reductase, Rieske iron-sulfur polypeptide 1"
Q9GZM7,TINAGL1,0.4059635955497927,medium,vascular endothelial cells,True,False,literature or in-house data,True,False,"Enzymes, Predicted intracellular proteins, Predicted secreted proteins",Tubulointerstitial nephritis antigen like 1
Q9HB40,SCPEP1,0.4058301843156046,medium,fibroblasts,True,False,literature or in-house data,True,False,"Enzymes, Predicted intracellular proteins, Predicted secreted proteins",Serine carboxypeptidase 1
Q86VE9,SERINC5,0.4058250319306399,medium,suprabasal keratinocytes,True,False,literature or in-house data,True,False,"Predicted membrane proteins, Transporters",Serine incorporator 5
O43567,RNF13,0.4057393691382246,medium,melanocytes,True,False,literature or in-house data,True,False,"Disease related genes, Enzymes, Human disease related genes, Metabolic proteins, Potential drug targets, Predicted intracellular proteins, Predicted membrane proteins",Ring finger protein 13
P61326,MAGOH,0.4055819131572704,medium,basal keratinocytes,True,False,literature or in-house data,True,False,"Essential proteins, Predicted intracellular proteins, Transporters","Mago homolog, exon junction complex subunit"
P61086,UBE2K,0.4054872326967236,medium,suprabasal keratinocytes,True,False,literature or in-house data,True,False,"Enzymes, Metabolic proteins, Predicted intracellular proteins",Ubiquitin conjugating enzyme E2 K
Q9Y646,CPQ,0.405457713647763,medium,melanocytes,True,False,literature or in-house data,True,False,"Enzymes, Plasma proteins, Predicted intracellular proteins, Predicted secreted proteins",Carboxypeptidase Q
Q9P0J7,KCMF1,0.4054437622361161,medium,suprabasal keratinocytes,True,False,literature or in-house data,True,False,"Enzymes, Essential proteins, Predicted intracellular proteins",Potassium channel modulatory factor 1
Q8NHH9,ATL2,0.4051461802522066,medium,suprabasal keratinocytes,True,False,literature or in-house data,True,False,"Essential proteins, Predicted intracellular proteins, Predicted membrane proteins, Transporters",Atlastin GTPase 2
Q13190,STX5,0.4047271922855942,medium,suprabasal keratinocytes,True,False,literature or in-house data,True,False,"Essential proteins, Predicted intracellular proteins, Predicted membrane proteins, Transporters",Syntaxin 5
Q14802,FXYD3,0.4044273557648337,medium,suprabasal keratinocytes,True,False,literature or in-house data,True,False,"Predicted intracellular proteins, Predicted membrane proteins, Transporters",FXYD domain containing ion transport regulator 3
Q7Z6E9,RBBP6,0.4039061147920257,medium,suprabasal keratinocytes,True,False,literature or in-house data,True,False,"Enzymes, Essential proteins, Metabolic proteins, Predicted intracellular proteins","RB binding protein 6, ubiquitin ligase"
O95865,DDAH2,0.403639649004437,medium,fibroblasts,True,False,literature or in-house data,True,False,"Enzymes, Metabolic proteins, Plasma proteins, Predicted intracellular proteins",Dimethylarginine dimethylaminohydrolase 2
Q9Y371,SH3GLB1,0.4035936418772798,medium,vascular endothelial cells,True,False,literature or in-house data,True,False,"Metabolic proteins, Predicted intracellular proteins, Transporters","SH3 domain containing GRB2 like, endophilin B1"
Q5TAX3,TUT4,0.4033213261565346,medium,basal keratinocytes,True,False,literature or in-house data,True,False,"Enzymes, Metabolic proteins, Predicted intracellular proteins",Terminal uridylyl transferase 4
Q8IVL5,P3H2,0.402878204283431,medium,basal keratinocytes,True,False,literature or in-house data,True,False,"Disease related genes, Enzymes, Human disease related genes, Potential drug targets, Predicted intracellular proteins",Prolyl 3-hydroxylase 2
Q96TA2,YME1L1,0.4028683800799746,medium,suprabasal keratinocytes,True,False,literature or in-house data,True,False,"Disease related genes, Enzymes, Human disease related genes, Potential drug targets, Predicted intracellular proteins, Predicted membrane proteins",YME1 like 1 ATPase
O60337,MARCHF6,0.4028668822006831,medium,basal keratinocytes,True,False,literature or in-house data,True,False,"Disease related genes, Enzymes, Human disease related genes, Metabolic proteins, Potential drug targets, Predicted intracellular proteins, Predicted membrane proteins",Membrane associated ring-CH-type finger 6
P49069,CAMLG,0.402654075113591,medium,suprabasal keratinocytes,True,False,literature or in-house data,True,False,"Essential proteins, FDA approved drug targets, Predicted intracellular proteins, Predicted membrane proteins, Transporters",Calcium modulating ligand
O43255,SIAH2,0.4026276874379586,medium,suprabasal keratinocytes,True,False,literature or in-house data,True,False,"Enzymes, Metabolic proteins, Plasma proteins, Predicted intracellular proteins, Transporters",Siah E3 ubiquitin protein ligase 2
Q6NUM9,RETSAT,0.4024307432867186,medium,melanocytes,True,False,literature or in-house data,True,False,"Enzymes, Predicted intracellular proteins, Predicted membrane proteins",Retinol saturase
Q13571,LAPTM5,0.4023412588070343,medium,lymphatic endothelial cells,True,False,literature or in-house data,True,False,"Predicted membrane proteins, Transporters",Lysosomal protein transmembrane 5
O60478,GPR137B,0.4022358404792173,medium,melanocytes,True,False,literature or in-house data,True,False,"Predicted membrane proteins, Transporters",G protein-coupled receptor 137B
Q03169,TNFAIP2,0.4021265825987851,medium,fibroblasts,True,False,literature or in-house data,True,False,"Cancer-related genes, Plasma proteins, Predicted intracellular proteins, Transporters",TNF alpha induced protein 2
Q7Z7N9,TMEM179B,0.4020772217093452,medium,suprabasal keratinocytes,True,False,literature or in-house data,True,False,"Predicted membrane proteins, Transporters",Transmembrane protein 179B
Q9UPQ7,PDZRN3,0.4019637455904756,medium,fibroblasts,True,False,literature or in-house data,True,False,"Enzymes, Predicted intracellular proteins",PDZ domain containing ring finger 3
Q9NV58,RNF19A,0.4016565565726055,medium,vascular endothelial cells,True,False,literature or in-house data,True,False,"Enzymes, Metabolic proteins, Predicted intracellular proteins, Predicted membrane proteins","Ring finger protein 19A, RBR E3 ubiquitin protein ligase"
Q8WTS1,ABHD5,0.401646624945368,medium,suprabasal keratinocytes,True,False,literature or in-house data,True,False,"Disease related genes, Enzymes, Human disease related genes, Metabolic proteins, Potential drug targets, Predicted intracellular proteins","Abhydrolase domain containing 5, lysophosphatidic acid acyltransferase"
O15503,INSIG1,0.4013252444681707,medium,vascular endothelial cells,True,False,literature or in-house data,True,False,"Plasma proteins, Predicted membrane proteins, Transporters",Insulin induced gene 1
Q6QHC5,DEGS2,0.4011948368448863,medium,suprabasal keratinocytes,True,False,literature or in-house data,True,False,"Enzymes, Metabolic proteins, Predicted intracellular proteins, Predicted membrane proteins","Delta 4-desaturase, sphingolipid 2"
Q8TF71,SLC16A10,0.4007818316220138,medium,melanocytes,True,False,literature or in-house data,True,False,"Metabolic proteins, Predicted membrane proteins, Transporters",Solute carrier family 16 member 10
Q96MT1,RNF145,0.4006479531584725,medium,basal keratinocytes,True,False,literature or in-house data,True,False,"Enzymes, Predicted membrane proteins",Ring finger protein 145
Q96A57,TMEM230,0.4003119246145618,medium,melanocytes,True,False,literature or in-house data,True,False,"Disease related genes, Potential drug targets, Predicted membrane proteins, Transporters",Transmembrane protein 230
Q6P9A2,GALNT18,0.4000573750055127,medium,vascular endothelial cells,True,False,literature or in-house data,True,False,"Enzymes, Metabolic proteins, Predicted membrane proteins",Polypeptide N-acetylgalactosaminyltransferase 18
P00156,MT-CYB,0.8803555664680491,very_high,suprabasal keratinocytes,False,True,structural protein - skip,False,True,"Disease related genes, Human disease related genes, Metabolic proteins, Predicted membrane proteins",Mitochondrially encoded cytochrome b
P03897,MT-ND3,0.8730663517886461,very_high,basal keratinocytes,False,True,structural protein - skip,True,True,"Disease related genes, Enzymes, Human disease related genes, Metabolic proteins, Potential drug targets, Predicted membrane proteins",Mitochondrially encoded NADH:ubiquinone oxidoreductase core subunit 3
P03891,MT-ND2,0.8438322675910722,very_high,basal keratinocytes,False,True,structural protein - skip,True,True,"Disease related genes, Enzymes, Human disease related genes, Metabolic proteins, Potential drug targets, Predicted membrane proteins",Mitochondrially encoded NADH:ubiquinone oxidoreductase core subunit 2
P03915,MT-ND5,0.778806984058722,high,suprabasal keratinocytes,False,True,structural protein - skip,True,True,"Disease related genes, Enzymes, Human disease related genes, Metabolic proteins, Potential drug targets, Predicted membrane proteins",Mitochondrially encoded NADH:ubiquinone oxidoreductase core subunit 5
P03901,MT-ND4L,0.7394982475321479,high,melanocytes,False,True,structural protein - skip,True,True,"Disease related genes, Enzymes, Human disease related genes, Metabolic proteins, Potential drug targets, Predicted membrane proteins",Mitochondrially encoded NADH:ubiquinone oxidoreductase core subunit 4L
P02795,MT2A,0.7220553485318841,high,fibroblasts,False,True,not in a druggable class - low priority,False,False,"Essential proteins, Plasma proteins, Predicted intracellular proteins",Metallothionein 2A
P01100,FOS,0.7194859137708474,high,fibroblasts,False,True,not in a druggable class - low priority,False,False,"Cancer-related genes, Predicted intracellular proteins, Transcription factors","Fos proto-oncogene, AP-1 transcription factor subunit"
P84243,H3-3B,0.7037878884673521,high,suprabasal keratinocytes,False,True,structural protein - skip,False,True,"Cancer-related genes, Disease related genes, Human disease related genes, Predicted intracellular proteins",H3.3 histone B
P03923,MT-ND6,0.6771584158137698,high,lymphatic endothelial cells,False,True,structural protein - skip,True,True,"Disease related genes, Enzymes, Human disease related genes, Metabolic proteins, Potential drug targets, Predicted membrane proteins",Mitochondrially encoded NADH:ubiquinone oxidoreductase core subunit 6
P17535,JUND,0.5843951767835589,medium,fibroblasts,False,True,not in a druggable class - low priority,False,False,"Cancer-related genes, Plasma proteins, Predicted intracellular proteins, Transcription factors","JunD proto-oncogene, AP-1 transcription factor subunit"
Q9NSA3,CTNNBIP1,0.5788291288477161,medium,suprabasal keratinocytes,False,True,not in a druggable class - low priority,False,False,Predicted intracellular proteins,Catenin beta interacting protein 1
Q99576,TSC22D3,0.5768844442705718,medium,fibroblasts,False,True,not in a druggable class - low priority,False,False,"Predicted intracellular proteins, Transcription factors",TSC22 domain family member 3
O43920,NDUFS5,0.5706426098101058,medium,suprabasal keratinocytes,False,True,not in a druggable class - low priority,False,False,"Essential proteins, Metabolic proteins, Predicted intracellular proteins",NADH:ubiquinone oxidoreductase subunit S5
Q9NRX3,NDUFA4L2,0.5364389304896863,medium,suprabasal keratinocytes,False,True,not in a druggable class - low priority,False,False,Predicted membrane proteins,NDUFA4 mitochondrial complex associated like 2
O15239,NDUFA1,0.5271301944441589,medium,suprabasal keratinocytes,False,True,not in a druggable class - low priority,False,False,"Disease related genes, Human disease related genes, Metabolic proteins, Predicted membrane proteins",NADH:ubiquinone oxidoreductase subunit A1
P08174,CD55,0.5269524665473814,medium,suprabasal keratinocytes,False,True,not in a druggable class - low priority,False,False,"Blood group antigen proteins, CD markers, Disease related genes, Human disease related genes, Plasma proteins, Predicted intracellular proteins, Predicted membrane proteins, Predicted secreted proteins",CD55 molecule (Cromer blood group)
O95178,NDUFB2,0.5250506087154132,medium,suprabasal keratinocytes,False,True,not in a druggable class - low priority,False,False,"Metabolic proteins, Predicted intracellular proteins, Predicted membrane proteins",NADH:ubiquinone oxidoreductase subunit B2
P01023,A2M,0.5216979798397873,medium,vascular endothelial cells,False,True,not in a druggable class - low priority,False,False,"Cancer-related genes, Candidate cardiovascular disease genes, Plasma proteins, Predicted secreted proteins",Alpha-2-macroglobulin
O95168,NDUFB4,0.5110923331978514,medium,melanocytes,False,True,not in a druggable class - low priority,False,False,"Essential proteins, Metabolic proteins, Predicted intracellular proteins, Predicted membrane proteins",NADH:ubiquinone oxidoreductase subunit B4
Q86Y39,NDUFA11,0.510328654013565,medium,suprabasal keratinocytes,False,True,not in a druggable class - low priority,False,False,"Disease related genes, Essential proteins, Human disease related genes, Metabolic proteins, Plasma proteins, Predicted intracellular proteins, Predicted membrane proteins",NADH:ubiquinone oxidoreductase subunit A11
Q9NX14,NDUFB11,0.5102879775482527,medium,suprabasal keratinocytes,False,True,not in a druggable class - low priority,False,False,"Disease related genes, Human disease related genes, Metabolic proteins, Predicted intracellular proteins, Predicted membrane proteins",NADH:ubiquinone oxidoreductase subunit B11
O75438,NDUFB1,0.5082722535268928,medium,melanocytes,False,True,not in a druggable class - low priority,False,False,"Essential proteins, Metabolic proteins, Predicted intracellular proteins, Predicted membrane proteins",NADH:ubiquinone oxidoreductase subunit B1
O95298,NDUFC2,0.4796828911170301,medium,melanocytes,False,True,not in a druggable class - low priority,False,False,"Disease related genes, Essential proteins, Human disease related genes, Metabolic proteins, Plasma proteins, Predicted intracellular proteins, Predicted membrane proteins",NADH:ubiquinone oxidoreductase subunit C2
Q9UI09,NDUFA12,0.4584554259539462,medium,suprabasal keratinocytes,False,True,not in a druggable class - low priority,False,False,"Disease related genes, Human disease related genes, Metabolic proteins, Predicted intracellular proteins",NADH:ubiquinone oxidoreductase subunit A12
Q02818,NUCB1,0.4534623268736425,medium,vascular endothelial cells,False,True,not in a druggable class - low priority,False,False,"Plasma proteins, Predicted secreted proteins",Nucleobindin 1
Q05516,ZBTB16,0.4493040206536315,medium,fibroblasts,False,True,not in a druggable class - low priority,False,False,"Cancer-related genes, Disease related genes, Human disease related genes, Predicted intracellular proteins, Transcription factors",Zinc finger and BTB domain containing 16
P07992,ERCC1,0.4471213110110555,medium,fibroblasts,False,True,not in a druggable class - low priority,False,False,"Cancer-related genes, Disease related genes, Human disease related genes, Predicted intracellular proteins","ERCC excision repair 1, endonuclease non-catalytic subunit"
Q13794,PMAIP1,0.4457244957029354,medium,basal keratinocytes,False,True,not in a druggable class - low priority,False,False,Predicted intracellular proteins,Phorbol-12-myristate-13-acetate-induced protein 1
O43181,NDUFS4,0.4387906305974794,medium,basal keratinocytes,False,True,not in a druggable class - low priority,False,False,"Disease related genes, Human disease related genes, Metabolic proteins, Predicted intracellular proteins",NADH:ubiquinone oxidoreductase subunit S4
Q9ULH1,ASAP1,0.4367540558566878,medium,lymphatic endothelial cells,False,True,not in a druggable class - low priority,False,False,Predicted intracellular proteins,"ArfGAP with SH3 domain, ankyrin repeat and PH domain 1"
P10644,PRKAR1A,0.4348934710663893,medium,melanocytes,False,True,not in a druggable class - low priority,False,False,"Cancer-related genes, Disease related genes, Human disease related genes, Plasma proteins, Predicted intracellular proteins",Protein kinase cAMP-dependent type I regulatory subunit alpha
O43676,NDUFB3,0.4331571260875198,medium,suprabasal keratinocytes,False,True,not in a druggable class - low priority,False,False,"Disease related genes, Essential proteins, Human disease related genes, Metabolic proteins, Predicted membrane proteins",NADH:ubiquinone oxidoreductase subunit B3
O43678,NDUFA2,0.432898798298301,medium,suprabasal keratinocytes,False,True,not in a druggable class - low priority,False,False,"Disease related genes, Essential proteins, Human disease related genes, Metabolic proteins, Predicted intracellular proteins",NADH:ubiquinone oxidoreductase subunit A2
O95167,NDUFA3,0.432401783315284,medium,suprabasal keratinocytes,False,True,not in a druggable class - low priority,False,False,"Metabolic proteins, Predicted intracellular proteins, Predicted membrane proteins",NADH:ubiquinone oxidoreductase subunit A3
P18084,ITGB5,0.4311436203476396,medium,fibroblasts,False,True,not in a druggable class - low priority,False,False,"Cancer-related genes, Plasma proteins, Predicted intracellular proteins, Predicted membrane proteins",Integrin subunit beta 5
P56556,NDUFA6,0.4283814324864063,medium,suprabasal keratinocytes,False,True,not in a druggable class - low priority,False,False,"Disease related genes, Essential proteins, Human disease related genes, Metabolic proteins, Predicted intracellular proteins",NADH:ubiquinone oxidoreductase subunit A6
P15884,TCF4,0.4189270523663649,medium,vascular endothelial cells,False,True,not in a druggable class - low priority,False,False,"Disease related genes, Human disease related genes, Predicted intracellular proteins, Predicted secreted proteins, Transcription factors",Transcription factor 4
Q9UKL0,RCOR1,0.4170536569149541,medium,suprabasal keratinocytes,False,True,not in a druggable class - low priority,False,False,Predicted intracellular proteins,REST corepressor 1
Q13772,NCOA4,0.4158306298444947,medium,suprabasal keratinocytes,False,True,not in a druggable class - low priority,False,False,"Cancer-related genes, Disease related genes, Essential proteins, Human disease related genes, Predicted intracellular proteins",Nuclear receptor coactivator 4
P35754,GLRX,0.4157109212035272,medium,fibroblasts,False,True,not in a druggable class - low priority,False,False,"Metabolic proteins, Plasma proteins, Predicted intracellular proteins",Glutaredoxin
Q9Y618,NCOR2,0.4148293658987531,medium,fibroblasts,False,True,not in a druggable class - low priority,False,False,"Cancer-related genes, Plasma proteins, Predicted intracellular proteins, Transcription factors",Nuclear receptor corepressor 2
P80188,LCN2,0.4120476503645793,medium,suprabasal keratinocytes,False,True,not in a druggable class - low priority,False,False,"Candidate cardiovascular disease genes, Plasma proteins, Predicted secreted proteins",Lipocalin 2
Q969U7,PSMG2,0.4104448325872857,medium,suprabasal keratinocytes,False,True,not in a druggable class - low priority,False,False,"Disease related genes, Essential proteins, Human disease related genes, Predicted intracellular proteins",Proteasome assembly chaperone 2
Q8ND76,CCNY,0.4103820786142441,medium,vascular endothelial cells,False,True,not in a druggable class - low priority,False,False,Predicted intracellular proteins,Cyclin Y
P30679,GNA15,0.40857355623162,medium,suprabasal keratinocytes,False,True,not in a druggable class - low priority,False,False,"Plasma proteins, Predicted intracellular proteins",G protein subunit alpha 15
Q96IZ0,PAWR,0.4062853500839772,medium,basal keratinocytes,False,True,not in a druggable class - low priority,False,False,Predicted intracellular proteins,Pro-apoptotic WT1 regulator
Q9C005,DPY30,0.4057460268022542,medium,suprabasal keratinocytes,False,True,not in a druggable class - low priority,False,False,Predicted intracellular proteins,Dpy-30 histone methyltransferase complex regulatory subunit
Q9BSL1,UBAC1,0.4015236252321082,medium,suprabasal keratinocytes,False,True,not in a druggable class - low priority,False,False,Predicted intracellular proteins,UBA domain containing 1
Q9NXR7,BABAM2,0.4014950850398304,medium,vascular endothelial cells,False,True,not in a druggable class - low priority,False,False,Predicted intracellular proteins,BRISC and BRCA1 A complex member 2
P02533,KRT14,0.907667422083825,very_high,basal keratinocytes,False,False,structural protein - skip,False,True,"Cancer-related genes, Disease related genes, Human disease related genes, Plasma proteins, Predicted intracellular proteins",Keratin 14
P13645,KRT10,0.8880445130927439,very_high,suprabasal keratinocytes,False,False,structural protein - skip,False,True,"Disease related genes, Human disease related genes, Plasma proteins, Predicted intracellular proteins, Predicted secreted proteins",Keratin 10
P04264,KRT1,0.8700733702093121,very_high,suprabasal keratinocytes,False,False,structural protein - skip,False,True,"Disease related genes, Human disease related genes, Plasma proteins, Predicted intracellular proteins",Keratin 1
P60985,KRTDAP,0.840461665121819,very_high,suprabasal keratinocytes,False,False,structural protein - skip,False,True,"Plasma proteins, Predicted secreted proteins",Keratinocyte differentiation associated protein
P13647,KRT5,0.836846142548402,very_high,basal keratinocytes,False,False,structural protein - skip,False,True,"Disease related genes, Human disease related genes, Plasma proteins, Predicted intracellular proteins",Keratin 5
P62945,RPL41,0.8138064519950935,very_high,suprabasal keratinocytes,False,False,structural protein - skip,False,True,"Predicted intracellular proteins, Ribosomal proteins",Ribosomal protein L41
Q6E0U4,DMKN,0.8120014668174058,very_high,suprabasal keratinocytes,False,False,not in a druggable class - low priority,False,False,"Plasma proteins, Predicted intracellular proteins, Predicted secreted proteins",Dermokine
P62910,RPL32,0.7924566705957024,high,suprabasal keratinocytes,False,False,structural protein - skip,False,True,"Essential proteins, Plasma proteins, Predicted intracellular proteins, Ribosomal proteins",Ribosomal protein L32
P05388,RPLP0,0.7759481785541342,high,suprabasal keratinocytes,False,False,structural protein - skip,False,True,"Essential proteins, Plasma proteins, Predicted intracellular proteins, Ribosomal proteins",Ribosomal protein lateral stalk subunit P0
P47914,RPL29,0.770252052638253,high,suprabasal keratinocytes,False,False,structural protein - skip,False,True,"Predicted intracellular proteins, Ribosomal proteins",Ribosomal protein L29
Q6UWP8,SBSN,0.7558496831248269,high,suprabasal keratinocytes,False,False,not in a druggable class - low priority,False,False,"Plasma proteins, Predicted intracellular proteins, Predicted secreted proteins",Suprabasin
P63261,ACTG1,0.7482006823930725,high,suprabasal keratinocytes,False,False,not in a druggable class - low priority,False,False,"Disease related genes, Essential proteins, Human disease related genes, Plasma proteins, Predicted intracellular proteins",Actin gamma 1
P07585,DCN,0.7448139069635286,high,fibroblasts,False,False,not in a druggable class - low priority,False,False,"Cancer-related genes, Disease related genes, Human disease related genes, Plasma proteins, Predicted intracellular proteins, Predicted secreted proteins",Decorin
P05090,APOD,0.7237968306873636,high,fibroblasts,False,False,not in a druggable class - low priority,False,False,"Cancer-related genes, Candidate cardiovascular disease genes, Plasma proteins, Predicted secreted proteins",Apolipoprotein D
Q14210,LY6D,0.7205762501360812,high,suprabasal keratinocytes,False,False,not in a druggable class - low priority,False,False,"Plasma proteins, Predicted membrane proteins",Lymphocyte antigen 6 family member D
P02538,KRT6A,0.720008033735299,high,suprabasal keratinocytes,False,False,structural protein - skip,False,True,"Disease related genes, Human disease related genes, Plasma proteins, Predicted intracellular proteins",Keratin 6A
E9PAV3,NACA,0.7190010493625021,high,suprabasal keratinocytes,False,False,not in a druggable class - low priority,False,False,"Essential proteins, Plasma proteins, Predicted intracellular proteins",Nascent polypeptide associated complex subunit alpha
P29034,S100A2,0.7157920546407248,high,basal keratinocytes,False,False,not in a druggable class - low priority,False,False,"Cancer-related genes, Predicted intracellular proteins",S100 calcium binding protein A2
P62987,UBA52,0.7104695627028708,high,suprabasal keratinocytes,False,False,not in a druggable class - low priority,False,False,"Essential proteins, Predicted intracellular proteins, Ribosomal proteins",Ubiquitin A-52 residue ribosomal protein fusion product 1
P19012,KRT15,0.7058635270082785,high,basal keratinocytes,False,False,structural protein - skip,False,True,"Cancer-related genes, Plasma proteins, Predicted intracellular proteins",Keratin 15
P22531,SPRR2E,0.7022158480814302,high,suprabasal keratinocytes,False,False,not in a druggable class - low priority,False,False,Predicted intracellular proteins,Small proline rich protein 2E
P80297,MT1X,0.7015948085513192,high,suprabasal keratinocytes,False,False,not in a druggable class - low priority,False,False,Predicted intracellular proteins,Metallothionein 1X
P62891,RPL39,0.6987729947473605,high,suprabasal keratinocytes,False,False,structural protein - skip,False,True,"Essential proteins, Predicted intracellular proteins, Ribosomal proteins",Ribosomal protein L39
Q04695,KRT17,0.6980050360860248,high,suprabasal keratinocytes,False,False,structural protein - skip,False,True,"Cancer-related genes, Disease related genes, Human disease related genes, Plasma proteins, Predicted intracellular proteins",Keratin 17
P08779,KRT16,0.6937299674001023,high,suprabasal keratinocytes,False,False,structural protein - skip,False,True,"Disease related genes, Human disease related genes, Plasma proteins, Predicted intracellular proteins",Keratin 16
Q9HCY8,S100A14,0.6935179298125703,high,suprabasal keratinocytes,False,False,not in a druggable class - low priority,False,False,"Plasma proteins, Predicted intracellular proteins",S100 calcium binding protein A14
O95715,CXCL14,0.6927910975618141,high,basal keratinocytes,False,False,not in a druggable class - low priority,False,False,Predicted secreted proteins,C-X-C motif chemokine ligand 14
P61927,RPL37,0.6890235575855453,high,suprabasal keratinocytes,False,False,structural protein - skip,False,True,"Essential proteins, Predicted intracellular proteins, Ribosomal proteins",Ribosomal protein L37
P0CG48,UBC,0.6859268092805589,high,suprabasal keratinocytes,False,False,not in a druggable class - low priority,False,False,Predicted intracellular proteins,Ubiquitin C
P01040,CSTA,0.6846203303748664,high,suprabasal keratinocytes,False,False,not in a druggable class - low priority,False,False,"Cancer-related genes, Disease related genes, Human disease related genes, Plasma proteins, Predicted intracellular proteins",Cystatin A
O95274,LYPD3,0.6804361687529403,high,suprabasal keratinocytes,False,False,not in a druggable class - low priority,False,False,Predicted membrane proteins,LY6/PLAUR domain containing 3
Q9BPY8,HOPX,0.6793016345432711,high,suprabasal keratinocytes,False,False,not in a druggable class - low priority,False,False,"Predicted intracellular proteins, Transcription factors",HOP homeobox
P06396,GSN,0.6773415482350329,high,fibroblasts,False,False,not in a druggable class - low priority,False,False,"Cancer-related genes, Disease related genes, Human disease related genes, Plasma proteins, Predicted intracellular proteins, Predicted secreted proteins",Gelsolin
Q9NQ38,SPINK5,0.6768849813596578,high,suprabasal keratinocytes,False,False,not in a druggable class - low priority,False,False,"Disease related genes, Human disease related genes, Plasma proteins, Predicted secreted proteins",Serine peptidase inhibitor Kazal type 5
Q9NZT1,CALML5,0.6691291672292257,high,suprabasal keratinocytes,False,False,not in a druggable class - low priority,False,False,"Plasma proteins, Predicted intracellular proteins, RAS pathway related proteins",Calmodulin like 5
P08493,MGP,0.6688148061201293,high,fibroblasts,False,False,not in a druggable class - low priority,False,False,"Disease related genes, Human disease related genes, Predicted intracellular proteins, Predicted secreted proteins",Matrix Gla protein
P35908,KRT2,0.6680905089770157,high,suprabasal keratinocytes,False,False,structural protein - skip,True,True,"Disease related genes, FDA approved drug targets, Human disease related genes, Plasma proteins, Predicted intracellular proteins",Keratin 2
P26651,ZFP36,0.6622398564245189,high,vascular endothelial cells,False,False,not in a druggable class - low priority,False,False,Predicted intracellular proteins,ZFP36 ring finger protein
P01034,CST3,0.6609270918058334,high,fibroblasts,False,False,not in a druggable class - low priority,False,False,"Cancer-related genes, Disease related genes, Human disease related genes, Plasma proteins, Predicted secreted proteins",Cystatin C
P02649,APOE,0.6597845953905724,high,melanocytes,False,False,not in a druggable class - low priority,False,False,"Cancer-related genes, Candidate cardiovascular disease genes, Disease related genes, Human disease related genes, Metabolic proteins, Plasma proteins, Predicted secreted proteins",Apolipoprotein E
P62854,RPS26,0.6565757599347878,high,suprabasal keratinocytes,False,False,structural protein - skip,False,True,"Disease related genes, Human disease related genes, Predicted intracellular proteins, Ribosomal proteins",Ribosomal protein S26
P84101,SERF2,0.6553529093172037,high,suprabasal keratinocytes,False,False,not in a druggable class - low priority,False,False,Predicted intracellular proteins,Small EDRK-rich factor 2
Q07352,ZFP36L1,0.6549865393096422,high,suprabasal keratinocytes,False,False,not in a druggable class - low priority,False,False,"Cancer-related genes, Plasma proteins, Predicted intracellular proteins",ZFP36 ring finger protein like 1
P17275,JUNB,0.654602431328152,high,fibroblasts,False,False,not in a druggable class - low priority,False,False,"Human disease related genes, Plasma proteins, Predicted intracellular proteins, Transcription factors","JunB proto-oncogene, AP-1 transcription factor subunit"
P22528,SPRR1B,0.650582184888405,high,suprabasal keratinocytes,False,False,not in a druggable class - low priority,False,False,"Cancer-related genes, Essential proteins, Predicted intracellular proteins",Small proline rich protein 1B
P31151,S100A7,0.6424585414008155,high,suprabasal keratinocytes,False,False,not in a druggable class - low priority,False,False,"Cancer-related genes, Plasma proteins, Predicted intracellular proteins, Predicted secreted proteins",S100 calcium binding protein A7
P0CG47,UBB,0.6408284053826927,high,melanocytes,False,False,not in a druggable class - low priority,False,False,Predicted intracellular proteins,Ubiquitin B
P41567,EIF1,0.6390571556412837,high,suprabasal keratinocytes,False,False,not in a druggable class - low priority,False,False,"Essential proteins, Plasma proteins, Predicted intracellular proteins",Eukaryotic translation initiation factor 1
Q14134,TRIM29,0.6377790152413532,high,suprabasal keratinocytes,False,False,not in a druggable class - low priority,False,False,Predicted intracellular proteins,Tripartite motif containing 29
Q9UMD9,COL17A1,0.6351343003846062,high,basal keratinocytes,False,False,structural protein - skip,False,True,"Cancer-related genes, Disease related genes, Human disease related genes, Plasma proteins, Predicted intracellular proteins, Predicted membrane proteins, Predicted secreted proteins",Collagen type XVII alpha 1 chain
Q9BYD5,CNFN,0.6346859324677891,high,suprabasal keratinocytes,False,False,not in a druggable class - low priority,False,False,Predicted intracellular proteins,Cornifelin
Q14956,GPNMB,0.6324790079619249,high,melanocytes,False,False,not in a druggable class - low priority,False,False,"Disease related genes, Human disease related genes, Plasma proteins, Predicted intracellular proteins, Predicted membrane proteins",Glycoprotein nmb
P08123,COL1A2,0.6322301130494516,high,fibroblasts,False,False,structural protein - skip,False,True,"Cancer-related genes, Disease related genes, Human disease related genes, Plasma proteins, Predicted secreted proteins",Collagen type I alpha 2 chain
P83881,RPL36A,0.6313533231047473,high,suprabasal keratinocytes,False,False,structural protein - skip,False,True,"Essential proteins, Metabolic proteins, Predicted intracellular proteins, Ribosomal proteins",Ribosomal protein L36a
Q9H3Y8,PPDPF,0.6292116079806429,high,suprabasal keratinocytes,False,False,not in a druggable class - low priority,False,False,Predicted intracellular proteins,Pancreatic progenitor cell differentiation and proliferation factor
Q13835,PKP1,0.6284187461391226,high,suprabasal keratinocytes,False,False,not in a druggable class - low priority,False,False,"Disease related genes, Human disease related genes, Plasma proteins, Predicted intracellular proteins",Plakophilin 1
Q9P0U1,TOMM7,0.6278643908866812,high,basal keratinocytes,False,False,not in a druggable class - low priority,False,False,"Predicted intracellular proteins, Predicted membrane proteins",Translocase of outer mitochondrial membrane 7
Q03001,DST,0.6223763813439185,high,basal keratinocytes,False,False,not in a druggable class - low priority,False,False,"Cancer-related genes, Disease related genes, Human disease related genes, Plasma proteins, Predicted intracellular proteins",Dystonin
P23142,FBLN1,0.6185693063354467,high,fibroblasts,False,False,not in a druggable class - low priority,False,False,"Disease related genes, Human disease related genes, Plasma proteins, Predicted intracellular proteins, Predicted secreted proteins",Fibulin 1
Q16270,IGFBP7,0.6172423413153469,high,lymphatic endothelial cells,False,False,not in a druggable class - low priority,False,False,"Disease related genes, Plasma proteins, Predicted secreted proteins",Insulin like growth factor binding protein 7
P02461,COL3A1,0.6166364128644164,high,fibroblasts,False,False,structural protein - skip,True,True,"Disease related genes, FDA approved drug targets, Human disease related genes, Plasma proteins, Predicted intracellular proteins, Predicted secreted proteins",Collagen type III alpha 1 chain
P03973,SLPI,0.6164396997036528,high,suprabasal keratinocytes,False,False,not in a druggable class - low priority,False,False,"Cancer-related genes, Plasma proteins, Predicted secreted proteins",Secretory leukocyte peptidase inhibitor
P12110,COL6A2,0.6155491915150813,high,fibroblasts,False,False,structural protein - skip,False,True,"Disease related genes, Human disease related genes, Plasma proteins, Predicted intracellular proteins, Predicted secreted proteins",Collagen type VI alpha 2 chain
Q9NZM5,NOP53,0.6147348075866228,high,basal keratinocytes,False,False,not in a druggable class - low priority,False,False,"Essential proteins, Predicted intracellular proteins",NOP53 ribosome biogenesis factor
Q9H299,SH3BGRL3,0.6120119154550876,high,suprabasal keratinocytes,False,False,not in a druggable class - low priority,False,False,"Plasma proteins, Predicted intracellular proteins",SH3 domain binding glutamate rich protein like 3
P13646,KRT13,0.6092258366766179,high,suprabasal keratinocytes,False,False,structural protein - skip,False,True,"Cancer-related genes, Disease related genes, Human disease related genes, Plasma proteins, Predicted intracellular proteins",Keratin 13
Q14574,DSC3,0.605096763243778,high,suprabasal keratinocytes,False,False,not in a druggable class - low priority,False,False,"Disease related genes, Human disease related genes, Plasma proteins, Predicted membrane proteins",Desmocollin 3
P35321,SPRR1A,0.5977948648381609,medium,suprabasal keratinocytes,False,False,not in a druggable class - low priority,False,False,Predicted intracellular proteins,Small proline rich protein 1A
P04259,KRT6B,0.5974119722375821,medium,suprabasal keratinocytes,False,False,structural protein - skip,False,True,"Disease related genes, Human disease related genes, Plasma proteins, Predicted intracellular proteins",Keratin 6B
Q01995,TAGLN,0.5932432065837958,medium,fibroblasts,False,False,not in a druggable class - low priority,False,False,"Cancer-related genes, Plasma proteins, Predicted intracellular proteins",Transgelin
P01033,TIMP1,0.5929693751718872,medium,fibroblasts,False,False,not in a druggable class - low priority,False,False,"Cancer-related genes, Candidate cardiovascular disease genes, Plasma proteins, Predicted intracellular proteins, Predicted secreted proteins",TIMP metallopeptidase inhibitor 1
O14950,MYL12B,0.5916058529866223,medium,suprabasal keratinocytes,False,False,not in a druggable class - low priority,False,False,"Plasma proteins, Predicted intracellular proteins",Myosin light chain 12B
P36952,SERPINB5,0.5908449044193955,medium,suprabasal keratinocytes,False,False,not in a druggable class - low priority,False,False,"Plasma proteins, Predicted intracellular proteins",Serpin family B member 5
P18146,EGR1,0.5897054108318185,medium,fibroblasts,False,False,not in a druggable class - low priority,False,False,"Cancer-related genes, Plasma proteins, Predicted intracellular proteins, Transcription factors",Early growth response 1
Q15847,ADIRF,0.5890221668923041,medium,lymphatic endothelial cells,False,False,not in a druggable class - low priority,False,False,"Plasma proteins, Predicted intracellular proteins",Adipogenesis regulatory factor
P47974,ZFP36L2,0.5884543296051881,medium,basal keratinocytes,False,False,not in a druggable class - low priority,False,False,"Cancer-related genes, Disease related genes, Predicted intracellular proteins",ZFP36 ring finger protein like 2
Q92597,NDRG1,0.5880386689770274,medium,suprabasal keratinocytes,False,False,not in a druggable class - low priority,False,False,"Cancer-related genes, Disease related genes, Human disease related genes, Plasma proteins, Predicted intracellular proteins, Predicted membrane proteins",N-myc downstream regulated 1
P54849,EMP1,0.5875106866002318,medium,suprabasal keratinocytes,False,False,not in a druggable class - low priority,False,False,"Predicted intracellular proteins, Predicted membrane proteins",Epithelial membrane protein 1
Q0VGL1,LAMTOR4,0.5854352801109617,medium,suprabasal keratinocytes,False,False,not in a druggable class - low priority,False,False,"Essential proteins, Predicted intracellular proteins","Late endosomal/lysosomal adaptor, MAPK and MTOR activator 4"
P10909,CLU,0.584286269951765,medium,lymphatic endothelial cells,False,False,not in a druggable class - low priority,False,False,"Cancer-related genes, Candidate cardiovascular disease genes, Plasma proteins, Predicted intracellular proteins, Predicted secreted proteins",Clusterin
Q9GZP8,C19orf33,0.5841787293710698,medium,suprabasal keratinocytes,False,False,not in a druggable class - low priority,False,False,Predicted intracellular proteins,Chromosome 19 open reading frame 33
P05155,SERPING1,0.5805203169307641,medium,fibroblasts,False,False,not in a druggable class - low priority,False,False,"Candidate cardiovascular disease genes, Disease related genes, Human disease related genes, Plasma proteins, Predicted intracellular proteins, Predicted secreted proteins",Serpin family G member 1
P09486,SPARC,0.5802477221338188,medium,fibroblasts,False,False,not in a druggable class - low priority,False,False,"Cancer-related genes, Disease related genes, Human disease related genes, Plasma proteins, Predicted intracellular proteins, Predicted secreted proteins",Secreted protein acidic and cysteine rich
Q14011,CIRBP,0.5790115595933324,medium,melanocytes,False,False,not in a druggable class - low priority,False,False,"Plasma proteins, Predicted intracellular proteins",Cold inducible RNA binding protein
P49716,CEBPD,0.5775166493789541,medium,fibroblasts,False,False,not in a druggable class - low priority,False,False,"Predicted intracellular proteins, Transcription factors",CCAAT enhancer binding protein delta
P63302,SELENOW,0.5768609985350419,medium,melanocytes,False,False,not in a druggable class - low priority,False,False,Predicted intracellular proteins,Selenoprotein W
O00585,CCL21,0.5765467186693417,medium,lymphatic endothelial cells,False,False,not in a druggable class - low priority,False,False,"Cancer-related genes, Plasma proteins, Predicted secreted proteins",C-C motif chemokine ligand 21
Q969Q0,RPL36AL,0.5751449867755695,medium,basal keratinocytes,False,False,structural protein - skip,False,True,"Essential proteins, Predicted intracellular proteins, Ribosomal proteins",Ribosomal protein L36a like
Q9UGL9,CRCT1,0.5748502262546998,medium,suprabasal keratinocytes,False,False,not in a druggable class - low priority,False,False,"Essential proteins, Predicted intracellular proteins",Cysteine rich C-terminal 1
Q9Y6H1,CHCHD2,0.5720443256454146,medium,suprabasal keratinocytes,False,False,not in a druggable class - low priority,False,False,"Disease related genes, Essential proteins, Human disease related genes, Predicted intracellular proteins",Coiled-coil-helix-coiled-coil-helix domain containing 2
P0C0S5,H2AZ1,0.569068086223532,medium,basal keratinocytes,False,False,structural protein - skip,False,True,"Essential proteins, Plasma proteins, Predicted intracellular proteins",H2A.Z variant histone 1
Q9NZD2,GLTP,0.5685694954556045,medium,suprabasal keratinocytes,False,False,not in a druggable class - low priority,False,False,"Metabolic proteins, Predicted intracellular proteins",Glycolipid transfer protein
Q9BZL1,UBL5,0.5679520796472217,medium,suprabasal keratinocytes,False,False,not in a druggable class - low priority,False,False,"Essential proteins, Predicted intracellular proteins",Ubiquitin like 5
Q15012,LAPTM4A,0.5658132613431563,medium,fibroblasts,False,False,not in a druggable class - low priority,False,False,Predicted membrane proteins,Lysosomal protein transmembrane 4 alpha
P36955,SERPINF1,0.5648640348173741,medium,fibroblasts,False,False,not in a druggable class - low priority,False,False,"Cancer-related genes, Disease related genes, Human disease related genes, Plasma proteins, Predicted intracellular proteins, Predicted secreted proteins",Serpin family F member 1
Q9BYE4,SPRR2G,0.5647523755663602,medium,suprabasal keratinocytes,False,False,not in a druggable class - low priority,False,False,"Essential proteins, Predicted intracellular proteins",Small proline rich protein 2G
Q9BTL4,IER2,0.5640184492950344,medium,vascular endothelial cells,False,False,not in a druggable class - low priority,False,False,Predicted intracellular proteins,Immediate early response 2
P62745,RHOB,0.5634862954315272,medium,fibroblasts,False,False,not in a druggable class - low priority,False,False,"Cancer-related genes, Predicted intracellular proteins",Ras homolog family member B
P15036,ETS2,0.5631114345817503,medium,basal keratinocytes,False,False,not in a druggable class - low priority,False,False,"Predicted intracellular proteins, RAS pathway related proteins, Transcription factors","ETS proto-oncogene 2, transcription factor"
Q9NWC5,TMEM45A,0.5628841155011658,medium,suprabasal keratinocytes,False,False,not in a druggable class - low priority,False,False,Predicted membrane proteins,Transmembrane protein 45A
P22532,SPRR2D,0.5626098434556864,medium,suprabasal keratinocytes,False,False,not in a druggable class - low priority,False,False,Predicted intracellular proteins,Small proline rich protein 2D
Q15366,PCBP2,0.5614419930171652,medium,basal keratinocytes,False,False,not in a druggable class - low priority,False,False,"Essential proteins, Plasma proteins, Predicted intracellular proteins",Poly(rC) binding protein 2
O95171,SCEL,0.5601619602344678,medium,suprabasal keratinocytes,False,False,not in a druggable class - low priority,False,False,"Plasma proteins, Predicted intracellular proteins",Sciellin
P22090,RPS4Y1,0.5600592319838645,medium,suprabasal keratinocytes,False,False,structural protein - skip,False,True,"Predicted intracellular proteins, Ribosomal proteins",Ribosomal protein S4 Y-linked 1
Q99612,KLF6,0.5597215808106947,medium,suprabasal keratinocytes,False,False,not in a druggable class - low priority,False,False,"Cancer-related genes, Disease related genes, Human disease related genes, Predicted intracellular proteins, Transcription factors",KLF transcription factor 6
Q9Y2S6,TMA7,0.5581984437027001,medium,suprabasal keratinocytes,False,False,not in a druggable class - low priority,False,False,Predicted intracellular proteins,Translation machinery associated 7 homolog
Q9UJM3,ERRFI1,0.5577617800945833,medium,basal keratinocytes,False,False,not in a druggable class - low priority,False,False,Predicted intracellular proteins,ERBB receptor feedback inhibitor 1
P07919,UQCRH,0.556848924081641,medium,suprabasal keratinocytes,False,False,not in a druggable class - low priority,False,False,"Metabolic proteins, Predicted intracellular proteins",Ubiquinol-cytochrome c reductase hinge protein
P62736,ACTA2,0.5555058739922969,medium,fibroblasts,False,False,not in a druggable class - low priority,False,False,"Disease related genes, Human disease related genes, Plasma proteins, Predicted intracellular proteins","Actin alpha 2, smooth muscle"
P54851,EMP2,0.555432850727002,medium,suprabasal keratinocytes,False,False,not in a druggable class - low priority,False,False,"Disease related genes, Human disease related genes, Predicted membrane proteins",Epithelial membrane protein 2
P40305,IFI27,0.5531901513033182,medium,vascular endothelial cells,False,False,not in a druggable class - low priority,False,False,"Plasma proteins, Predicted intracellular proteins, Predicted membrane proteins",Interferon alpha inducible protein 27
P16035,TIMP2,0.5529920053462369,medium,fibroblasts,False,False,not in a druggable class - low priority,False,False,"Cancer-related genes, Candidate cardiovascular disease genes, Plasma proteins, Predicted intracellular proteins, Predicted secreted proteins",TIMP metallopeptidase inhibitor 2
P20810,CAST,0.5526267226407447,medium,suprabasal keratinocytes,False,False,not in a druggable class - low priority,False,False,"Cancer-related genes, Disease related genes, Human disease related genes, Plasma proteins, Predicted intracellular proteins",Calpastatin
O43768,ENSA,0.5520297379863829,medium,suprabasal keratinocytes,False,False,not in a druggable class - low priority,False,False,"Plasma proteins, Predicted intracellular proteins",Endosulfine alpha
A0PJW8,DAPL1,0.5509425280305362,medium,suprabasal keratinocytes,False,False,not in a druggable class - low priority,False,False,"Predicted intracellular proteins, Predicted membrane proteins",Death associated protein like 1
O14949,UQCRQ,0.5488245335509201,medium,suprabasal keratinocytes,False,False,not in a druggable class - low priority,False,False,"Disease related genes, Essential proteins, Human disease related genes, Metabolic proteins, Predicted membrane proteins",Ubiquinol-cytochrome c reductase complex III subunit VII
Q99622,C12orf57,0.548116913885956,medium,melanocytes,False,False,not in a druggable class - low priority,False,False,"Disease related genes, Predicted intracellular proteins",Chromosome 12 open reading frame 57
O43474,KLF4,0.5478267459247128,medium,suprabasal keratinocytes,False,False,not in a druggable class - low priority,False,False,"Cancer-related genes, Human disease related genes, Predicted intracellular proteins, Transcription factors",KLF transcription factor 4
P24844,MYL9,0.5443677761115732,medium,fibroblasts,False,False,not in a druggable class - low priority,False,False,"Disease related genes, Human disease related genes, Predicted intracellular proteins",Myosin light chain 9
P41134,ID1,0.5442783039636208,medium,vascular endothelial cells,False,False,not in a druggable class - low priority,False,False,"Cancer-related genes, Plasma proteins, Predicted intracellular proteins, Transcription factors",Inhibitor of DNA binding 1
Q14919,DRAP1,0.544242036101394,medium,suprabasal keratinocytes,False,False,not in a druggable class - low priority,False,False,Predicted intracellular proteins,DR1 associated protein 1
Q12796,PNRC1,0.5431836049686607,medium,suprabasal keratinocytes,False,False,not in a druggable class - low priority,False,False,Predicted intracellular proteins,Proline rich nuclear receptor coactivator 1
P50238,CRIP1,0.5418568935360397,medium,suprabasal keratinocytes,False,False,not in a druggable class - low priority,False,False,"Plasma proteins, Predicted intracellular proteins",Cysteine rich protein 1
O75293,GADD45B,0.5405537207355058,medium,fibroblasts,False,False,not in a druggable class - low priority,False,False,Predicted intracellular proteins,Growth arrest and DNA damage inducible beta
Q9H3D4,TP63,0.5403691765955266,medium,basal keratinocytes,False,False,not in a druggable class - low priority,False,False,"Cancer-related genes, Disease related genes, Human disease related genes, Plasma proteins, Predicted intracellular proteins, Transcription factors",Tumor protein p63
O75190,DNAJB6,0.53966482983314,medium,suprabasal keratinocytes,False,False,not in a druggable class - low priority,False,False,"Disease related genes, Human disease related genes, Predicted intracellular proteins",DnaJ heat shock protein family (Hsp40) member B6
P60896,SEM1,0.539576555230024,medium,suprabasal keratinocytes,False,False,not in a druggable class - low priority,False,False,"Essential proteins, Predicted intracellular proteins",SEM1 26S proteasome subunit
Q6NZ67,MZT2B,0.5389507213187148,medium,suprabasal keratinocytes,False,False,not in a druggable class - low priority,False,False,Predicted intracellular proteins,Mitotic spindle organizing protein 2B
P54368,OAZ1,0.5386440686196383,medium,basal keratinocytes,False,False,not in a druggable class - low priority,False,False,"Plasma proteins, Predicted intracellular proteins",Ornithine decarboxylase antizyme 1
Q14512,FGFBP1,0.536967682228898,medium,suprabasal keratinocytes,False,False,not in a druggable class - low priority,False,False,"Cancer-related genes, Predicted secreted proteins",Fibroblast growth factor binding protein 1
Q9BW30,TPPP3,0.5366967165963938,medium,melanocytes,False,False,not in a druggable class - low priority,False,False,Predicted intracellular proteins,Tubulin polymerization promoting protein family member 3
Q8IVF2,AHNAK2,0.536297099179277,medium,suprabasal keratinocytes,False,False,not in a druggable class - low priority,False,False,"Cancer-related genes, Predicted intracellular proteins",AHNAK nucleoprotein 2
P35326,SPRR2A,0.53575861229996,medium,suprabasal keratinocytes,False,False,not in a druggable class - low priority,False,False,"Predicted intracellular proteins, Predicted secreted proteins",Small proline rich protein 2A
P49908,SELENOP,0.535565898541863,medium,fibroblasts,False,False,not in a druggable class - low priority,False,False,"Plasma proteins, Predicted membrane proteins, Predicted secreted proteins",Selenoprotein P
Q16655,MLANA,0.5351793303209186,medium,melanocytes,False,False,not in a druggable class - low priority,False,False,Predicted membrane proteins,Melan-A
Q9Y5V0,ZNF706,0.5346390295267163,medium,suprabasal keratinocytes,False,False,not in a druggable class - low priority,False,False,Predicted intracellular proteins,Zinc finger protein 706
Q15063,POSTN,0.5343724912775942,medium,vascular endothelial cells,False,False,not in a druggable class - low priority,False,False,"Cancer-related genes, Plasma proteins, Predicted secreted proteins",Periostin
P55083,MFAP4,0.5342018676684834,medium,fibroblasts,False,False,not in a druggable class - low priority,False,False,"Plasma proteins, Predicted secreted proteins",Microfibril associated protein 4
P12109,COL6A1,0.5341185472007619,medium,fibroblasts,False,False,structural protein - skip,False,True,"Cancer-related genes, Disease related genes, Human disease related genes, Plasma proteins, Predicted intracellular proteins, Predicted secreted proteins",Collagen type VI alpha 1 chain
O14639,ABLIM1,0.5336937957932313,medium,suprabasal keratinocytes,False,False,not in a druggable class - low priority,False,False,Predicted intracellular proteins,Actin binding LIM protein 1
P24311,COX7B,0.5330740154923304,medium,suprabasal keratinocytes,False,False,not in a druggable class - low priority,False,False,"Disease related genes, Essential proteins, Human disease related genes, Metabolic proteins, Predicted intracellular proteins, Predicted membrane proteins",Cytochrome c oxidase subunit 7B
Q13243,SRSF5,0.5330210644011827,medium,vascular endothelial cells,False,False,not in a druggable class - low priority,False,False,Predicted intracellular proteins,Serine and arginine rich splicing factor 5
P07476,IVL,0.5329736704803594,medium,suprabasal keratinocytes,False,False,not in a druggable class - low priority,False,False,"Plasma proteins, Predicted intracellular proteins",Involucrin
O60437,PPL,0.5326999142238273,medium,suprabasal keratinocytes,False,False,not in a druggable class - low priority,False,False,"Plasma proteins, Predicted intracellular proteins",Periplakin
O14503,BHLHE40,0.5306220505189203,medium,suprabasal keratinocytes,False,False,not in a druggable class - low priority,False,False,"Predicted intracellular proteins, Transcription factors",Basic helix-loop-helix family member e40
Q15828,CST6,0.529645568569196,medium,suprabasal keratinocytes,False,False,not in a druggable class - low priority,False,False,"Cancer-related genes, Disease related genes, Human disease related genes, Plasma proteins, Predicted secreted proteins",Cystatin E/M
P57735,RAB25,0.5293388919745889,medium,suprabasal keratinocytes,False,False,not in a druggable class - low priority,False,False,"Cancer-related genes, Predicted intracellular proteins","RAB25, member RAS oncogene family"
P78543,BTG2,0.5279120546535133,medium,suprabasal keratinocytes,False,False,not in a druggable class - low priority,False,False,"Cancer-related genes, Predicted intracellular proteins",BTG anti-proliferation factor 2
P54852,EMP3,0.5273197238048238,medium,melanocytes,False,False,not in a druggable class - low priority,False,False,"Predicted intracellular proteins, Predicted membrane proteins",Epithelial membrane protein 3
Q76M96,CCDC80,0.5269142136227919,medium,fibroblasts,False,False,not in a druggable class - low priority,False,False,"Predicted intracellular proteins, Predicted secreted proteins",Coiled-coil domain containing 80
Q9BTM1,H2AJ,0.5266816145522397,medium,melanocytes,False,False,structural protein - skip,False,True,"Essential proteins, Plasma proteins, Predicted intracellular proteins",H2A.J histone
O00151,PDLIM1,0.5265139699901862,medium,vascular endothelial cells,False,False,not in a druggable class - low priority,False,False,"Plasma proteins, Predicted intracellular proteins",PDZ and LIM domain 1
P25685,DNAJB1,0.5250513182498502,medium,suprabasal keratinocytes,False,False,not in a druggable class - low priority,False,False,"Cancer-related genes, Predicted intracellular proteins",DnaJ heat shock protein family (Hsp40) member B1
O76076,CCN5,0.5249833176421843,medium,fibroblasts,False,False,not in a druggable class - low priority,False,False,"Plasma proteins, Predicted secreted proteins",Cellular communication network factor 5
Q9Y446,PKP3,0.5249052969765087,medium,suprabasal keratinocytes,False,False,not in a druggable class - low priority,False,False,"Plasma proteins, Predicted intracellular proteins",Plakophilin 3
O00622,CCN1,0.5236289619908013,medium,basal keratinocytes,False,False,not in a druggable class - low priority,False,False,Predicted secreted proteins,Cellular communication network factor 1
P04732,MT1E,0.5232452774773354,medium,melanocytes,False,False,not in a druggable class - low priority,False,False,"Essential proteins, Predicted intracellular proteins",Metallothionein 1E
P14678,SNRPB,0.5222819045413611,medium,basal keratinocytes,False,False,not in a druggable class - low priority,False,False,"Disease related genes, Essential proteins, Human disease related genes, Plasma proteins, Predicted intracellular proteins",Small nuclear ribonucleoprotein polypeptides B and B1
Q6NZI2,CAVIN1,0.5219217287966912,medium,vascular endothelial cells,False,False,not in a druggable class - low priority,False,False,"Disease related genes, Human disease related genes, Plasma proteins, Predicted intracellular proteins",Caveolae associated protein 1
P13747,HLA-E,0.5215130509731513,medium,vascular endothelial cells,False,False,not in a druggable class - low priority,False,False,"Plasma proteins, Predicted membrane proteins, Predicted secreted proteins","Major histocompatibility complex, class I, E"
P07951,TPM2,0.5213788351695641,medium,fibroblasts,False,False,not in a druggable class - low priority,False,False,"Cancer-related genes, Disease related genes, Human disease related genes, Plasma proteins, Predicted intracellular proteins",Tropomyosin 2
P13489,RNH1,0.5202611672891693,medium,suprabasal keratinocytes,False,False,not in a druggable class - low priority,False,False,"Plasma proteins, Predicted intracellular proteins",Ribonuclease/angiogenin inhibitor 1
Q9BQ61,TRIR,0.5195392174074293,medium,basal keratinocytes,False,False,not in a druggable class - low priority,False,False,Predicted intracellular proteins,Telomerase RNA component interacting RNase
P32926,DSG3,0.5189600720049703,medium,suprabasal keratinocytes,False,False,not in a druggable class - low priority,False,False,"Disease related genes, Plasma proteins, Predicted membrane proteins",Desmoglein 3
P28799,GRN,0.5188284193994122,medium,suprabasal keratinocytes,False,False,not in a druggable class - low priority,False,False,"Disease related genes, Human disease related genes, Plasma proteins, Predicted intracellular proteins, Predicted secreted proteins",Granulin precursor
O15342,ATP6V0E1,0.5181273457967821,medium,fibroblasts,False,False,not in a druggable class - low priority,False,False,"Metabolic proteins, Predicted membrane proteins",ATPase H+ transporting V0 subunit e1
P61587,RND3,0.5179397922753429,medium,basal keratinocytes,False,False,not in a druggable class - low priority,False,False,Predicted intracellular proteins,Rho family GTPase 3
Q9NX09,DDIT4,0.5168222023314261,medium,fibroblasts,False,False,not in a druggable class - low priority,False,False,Predicted intracellular proteins,DNA damage inducible transcript 4
P0DPB5,POLR1D,0.51555612049403,medium,basal keratinocytes,False,False,not in a druggable class - low priority,False,False,"Disease related genes, Essential proteins, Human disease related genes, Metabolic proteins, Predicted intracellular proteins, RNA polymerase related proteins",RNA polymerase I and III subunit D
P63208,SKP1,0.5150931269875929,medium,suprabasal keratinocytes,False,False,not in a druggable class - low priority,False,False,"Essential proteins, Predicted intracellular proteins",S-phase kinase associated protein 1
Q9UBC9,SPRR3,0.5145409347134177,medium,suprabasal keratinocytes,False,False,not in a druggable class - low priority,False,False,"Cancer-related genes, Predicted intracellular proteins",Small proline rich protein 3
P17676,CEBPB,0.51428789855602,medium,suprabasal keratinocytes,False,False,not in a druggable class - low priority,False,False,"Predicted intracellular proteins, Transcription factors",CCAAT enhancer binding protein beta
Q9UHV5,RAPGEFL1,0.5130247348352217,medium,suprabasal keratinocytes,False,False,not in a druggable class - low priority,False,False,Predicted intracellular proteins,Rap guanine nucleotide exchange factor like 1
Q8WWX9,SELENOM,0.5129582734970534,medium,fibroblasts,False,False,not in a druggable class - low priority,False,False,Predicted intracellular proteins,Selenoprotein M
Q8WUW1,BRK1,0.5116964452014281,medium,suprabasal keratinocytes,False,False,not in a druggable class - low priority,False,False,Predicted intracellular proteins,BRICK1 subunit of SCAR/WAVE actin nucleating complex
P56378,ATP5MJ,0.5112967573697109,medium,suprabasal keratinocytes,False,False,not in a druggable class - low priority,False,False,"Metabolic proteins, Predicted intracellular proteins, Predicted membrane proteins",ATP synthase membrane subunit j
P41271,NBL1,0.5110727144184217,medium,fibroblasts,False,False,not in a druggable class - low priority,False,False,"Predicted intracellular proteins, Predicted secreted proteins","NBL1, DAN family BMP antagonist"
Q96HF1,SFRP2,0.5107647815194419,medium,fibroblasts,False,False,not in a druggable class - low priority,False,False,Predicted secreted proteins,Secreted frizzled related protein 2
Q8WXC6,COPS9,0.5106240908225113,medium,suprabasal keratinocytes,False,False,not in a druggable class - low priority,False,False,Predicted intracellular proteins,COP9 signalosome subunit 9
P09493,TPM1,0.5103608581191934,medium,fibroblasts,False,False,not in a druggable class - low priority,False,False,"Cancer-related genes, Candidate cardiovascular disease genes, Disease related genes, Human disease related genes, Plasma proteins, Predicted intracellular proteins, Predicted membrane proteins",Tropomyosin 1
P52943,CRIP2,0.5102801506893022,medium,vascular endothelial cells,False,False,not in a druggable class - low priority,False,False,Predicted intracellular proteins,Cysteine rich protein 2
Q13885,TUBB2A,0.5101213068512638,medium,suprabasal keratinocytes,False,False,not in a druggable class - low priority,False,False,"Disease related genes, Human disease related genes, Predicted intracellular proteins",Tubulin beta 2A class IIa
Q9NTK1,DEPP1,0.5099615949751126,medium,fibroblasts,False,False,not in a druggable class - low priority,False,False,Predicted intracellular proteins,DEPP1 autophagy regulator
P19013,KRT4,0.5078747629495148,medium,suprabasal keratinocytes,False,False,structural protein - skip,False,True,"Cancer-related genes, Disease related genes, Human disease related genes, Plasma proteins, Predicted intracellular proteins",Keratin 4
P18847,ATF3,0.5075944660135864,medium,fibroblasts,False,False,not in a druggable class - low priority,False,False,"Predicted intracellular proteins, Transcription factors",Activating transcription factor 3
O14908,GIPC1,0.5070026269740522,medium,suprabasal keratinocytes,False,False,not in a druggable class - low priority,False,False,"Disease related genes, Human disease related genes, Predicted intracellular proteins",GIPC PDZ domain containing family member 1
P42857,NSG1,0.5068873814798034,medium,melanocytes,False,False,not in a druggable class - low priority,False,False,Predicted membrane proteins,Neuronal vesicle trafficking associated 1
P17096,HMGA1,0.506443441649725,medium,basal keratinocytes,False,False,not in a druggable class - low priority,False,False,"Cancer-related genes, Disease related genes, Essential proteins, Predicted intracellular proteins, Transcription factors",High mobility group AT-hook 1
Q5TF58,IFFO2,0.5059545786081676,medium,basal keratinocytes,False,False,not in a druggable class - low priority,False,False,Predicted intracellular proteins,Intermediate filament family orphan 2
Q99933,BAG1,0.5055591234401134,medium,suprabasal keratinocytes,False,False,not in a druggable class - low priority,False,False,"Cancer-related genes, Predicted intracellular proteins",BAG cochaperone 1
P25063,CD24,0.5036729393255701,medium,suprabasal keratinocytes,False,False,not in a druggable class - low priority,False,False,"Cancer-related genes, CD markers, Disease related genes, Essential proteins, Predicted intracellular proteins",CD24 molecule
O43633,CHMP2A,0.5017087973307209,medium,suprabasal keratinocytes,False,False,not in a druggable class - low priority,False,False,"Essential proteins, Predicted intracellular proteins",Charged multivesicular body protein 2A
Q9Y255,PRELID1,0.501370640998999,medium,suprabasal keratinocytes,False,False,not in a druggable class - low priority,False,False,"Essential proteins, Plasma proteins, Predicted intracellular proteins",PRELI domain containing 1
Q9BUW7,BBLN,0.501347890572036,medium,suprabasal keratinocytes,False,False,not in a druggable class - low priority,False,False,Predicted intracellular proteins,Bublin coiled coil protein
P62875,POLR2L,0.5013214668997461,medium,suprabasal keratinocytes,False,False,not in a druggable class - low priority,False,False,"Essential proteins, Metabolic proteins, Plasma proteins, Predicted intracellular proteins, RNA polymerase related proteins","RNA polymerase II, I and III subunit L"
Q8TEW0,PARD3,0.5006178570887431,medium,suprabasal keratinocytes,False,False,not in a druggable class - low priority,False,False,"Disease related genes, Plasma proteins, Predicted intracellular proteins",Par-3 family cell polarity regulator
P56381,ATP5F1E,0.5002117453733892,medium,lymphatic endothelial cells,False,False,not in a druggable class - low priority,False,False,"Disease related genes, Essential proteins, Human disease related genes, Metabolic proteins, Predicted intracellular proteins",ATP synthase F1 subunit epsilon
Q96L33,RHOV,0.5001976272868894,medium,suprabasal keratinocytes,False,False,not in a druggable class - low priority,False,False,Predicted intracellular proteins,Ras homolog family member V
P13797,PLS3,0.4994021356478977,medium,suprabasal keratinocytes,False,False,not in a druggable class - low priority,False,False,"Disease related genes, Human disease related genes, Plasma proteins, Predicted intracellular proteins",Plastin 3
A8K2U0,A2ML1,0.4987660354458413,medium,suprabasal keratinocytes,False,False,not in a druggable class - low priority,False,False,"Disease related genes, Predicted intracellular proteins, Predicted secreted proteins",Alpha-2-macroglobulin like 1
Q15714,TSC22D1,0.4985883298729521,medium,vascular endothelial cells,False,False,not in a druggable class - low priority,False,False,"Predicted intracellular proteins, Transcription factors",TSC22 domain family member 1
Q96C90,PPP1R14B,0.497792196997662,medium,suprabasal keratinocytes,False,False,not in a druggable class - low priority,False,False,"Essential proteins, Plasma proteins, Predicted intracellular proteins",Protein phosphatase 1 regulatory inhibitor subunit 14B
Q86W92,PPFIBP1,0.4977891468040958,medium,lymphatic endothelial cells,False,False,not in a druggable class - low priority,False,False,"Cancer-related genes, Plasma proteins, Predicted intracellular proteins",PPFIA binding protein 1
Q08431,MFGE8,0.4962690231170378,medium,fibroblasts,False,False,not in a druggable class - low priority,False,False,"Cancer-related genes, Predicted intracellular proteins, Predicted secreted proteins",Milk fat globule EGF and factor V/VIII domain containing
Q15582,TGFBI,0.4961521926608905,medium,fibroblasts,False,False,not in a druggable class - low priority,False,False,"Disease related genes, Human disease related genes, Plasma proteins, Predicted intracellular proteins, Predicted secreted proteins",Transforming growth factor beta induced
Q9Y605,MRFAP1,0.4957335160134059,medium,basal keratinocytes,False,False,not in a druggable class - low priority,False,False,Predicted intracellular proteins,Morf4 family associated protein 1
Q12841,FSTL1,0.4952180677867157,medium,fibroblasts,False,False,not in a druggable class - low priority,False,False,"Plasma proteins, Predicted intracellular proteins, Predicted secreted proteins",Follistatin like 1
P35318,ADM,0.4950624886477218,medium,basal keratinocytes,False,False,not in a druggable class - low priority,False,False,"Cancer-related genes, Plasma proteins, Predicted intracellular proteins, Predicted secreted proteins",Adrenomedullin
Q99541,PLIN2,0.4950421627797871,medium,fibroblasts,False,False,not in a druggable class - low priority,False,False,"Metabolic proteins, Plasma proteins, Predicted intracellular proteins",Perilipin 2
O95359,TACC2,0.4948150029771595,medium,suprabasal keratinocytes,False,False,not in a druggable class - low priority,False,False,Predicted intracellular proteins,Transforming acidic coiled-coil containing protein 2
O43609,SPRY1,0.4946046777634515,medium,vascular endothelial cells,False,False,not in a druggable class - low priority,False,False,"Cancer-related genes, Predicted intracellular proteins, Predicted membrane proteins",Sprouty RTK signaling antagonist 1
P40617,ARL4A,0.4942176902601097,medium,lymphatic endothelial cells,False,False,not in a druggable class - low priority,False,False,Predicted intracellular proteins,ADP ribosylation factor like GTPase 4A
Q15014,MORF4L2,0.4941273717034566,medium,basal keratinocytes,False,False,not in a druggable class - low priority,False,False,"Plasma proteins, Predicted intracellular proteins",Mortality factor 4 like 2
Q8WUF5,PPP1R13L,0.4940698849205839,medium,suprabasal keratinocytes,False,False,not in a druggable class - low priority,False,False,"Predicted intracellular proteins, Transcription factors",Protein phosphatase 1 regulatory subunit 13 like
P50616,TOB1,0.4937541403835979,medium,basal keratinocytes,False,False,not in a druggable class - low priority,False,False,Predicted intracellular proteins,"Transducer of ERBB2, 1"
P24522,GADD45A,0.4937493809458819,medium,basal keratinocytes,False,False,not in a druggable class - low priority,False,False,"Cancer-related genes, Predicted intracellular proteins",Growth arrest and DNA damage inducible alpha
P12111,COL6A3,0.4937279739182436,medium,fibroblasts,False,False,structural protein - skip,False,True,"Disease related genes, Human disease related genes, Plasma proteins, Predicted intracellular proteins, Predicted secreted proteins",Collagen type VI alpha 3 chain
O14543,SOCS3,0.4936764409178485,medium,vascular endothelial cells,False,False,not in a druggable class - low priority,False,False,"Disease related genes, Predicted intracellular proteins",Suppressor of cytokine signaling 3
O00472,ELL2,0.4916193266942426,medium,suprabasal keratinocytes,False,False,not in a druggable class - low priority,False,False,Predicted intracellular proteins,Elongation factor for RNA polymerase II 2
Q9Y244,POMP,0.4913611971898899,medium,suprabasal keratinocytes,False,False,not in a druggable class - low priority,False,False,"Disease related genes, Essential proteins, Human disease related genes, Predicted intracellular proteins",Proteasome maturation protein
Q9BZ29,DOCK9,0.4913238687531949,medium,vascular endothelial cells,False,False,not in a druggable class - low priority,False,False,"Plasma proteins, Predicted intracellular proteins",Dedicator of cytokinesis 9
Q9Y5W3,KLF2,0.4911865467396148,medium,vascular endothelial cells,False,False,not in a druggable class - low priority,False,False,"Predicted intracellular proteins, Transcription factors",KLF transcription factor 2
Q8TAE6,PPP1R14C,0.4907505985584972,medium,basal keratinocytes,False,False,not in a druggable class - low priority,False,False,Predicted intracellular proteins,Protein phosphatase 1 regulatory inhibitor subunit 14C
Q9Y5Z4,HEBP2,0.4905801792292065,medium,suprabasal keratinocytes,False,False,not in a druggable class - low priority,False,False,Predicted intracellular proteins,Heme binding protein 2
Q6ZVX7,NCCRP1,0.4903738969754313,medium,suprabasal keratinocytes,False,False,not in a druggable class - low priority,False,False,Predicted intracellular proteins,"NCCRP1, F-box associated domain containing"
Q9UI30,TRMT112,0.4903002376204102,medium,suprabasal keratinocytes,False,False,not in a druggable class - low priority,False,False,"Essential proteins, Predicted intracellular proteins",TRNA methyltransferase activator subunit 11-2
Q96EI5,TCEAL4,0.4892755537893141,medium,fibroblasts,False,False,not in a druggable class - low priority,False,False,Predicted intracellular proteins,Transcription elongation factor A like 4
Q8N339,MT1M,0.4892630746993519,medium,fibroblasts,False,False,not in a druggable class - low priority,False,False,Predicted intracellular proteins,Metallothionein 1M
Q9UQB8,BAIAP2,0.4891251216428844,medium,suprabasal keratinocytes,False,False,not in a druggable class - low priority,False,False,"Plasma proteins, Predicted intracellular proteins",BAR/IMD domain containing adaptor protein 2
P21291,CSRP1,0.4888148342822246,medium,melanocytes,False,False,not in a druggable class - low priority,False,False,"Plasma proteins, Predicted intracellular proteins",Cysteine and glycine rich protein 1
Q9UN36,NDRG2,0.4884936650165783,medium,melanocytes,False,False,not in a druggable class - low priority,False,False,"Predicted intracellular proteins, Predicted membrane proteins",NDRG family member 2
Q96NE9,FRMD6,0.4882731213793096,medium,suprabasal keratinocytes,False,False,not in a druggable class - low priority,False,False,Predicted intracellular proteins,FERM domain containing 6
Q99437,ATP6V0B,0.4881682843002919,medium,suprabasal keratinocytes,False,False,not in a druggable class - low priority,False,False,"Essential proteins, Metabolic proteins, Predicted membrane proteins",ATPase H+ transporting V0 subunit b
Q9Y3B4,SF3B6,0.4881419996914982,medium,suprabasal keratinocytes,False,False,not in a druggable class - low priority,False,False,"Essential proteins, Plasma proteins, Predicted intracellular proteins",Splicing factor 3b subunit 6
Q06481,APLP2,0.4877842291143459,medium,lymphatic endothelial cells,False,False,not in a druggable class - low priority,False,False,"Plasma proteins, Predicted intracellular proteins, Predicted membrane proteins",Amyloid beta precursor like protein 2
Q7Z4G1,COMMD6,0.4876132210266649,medium,suprabasal keratinocytes,False,False,not in a druggable class - low priority,False,False,Predicted intracellular proteins,COMM domain containing 6
O00244,ATOX1,0.4873430218129444,medium,melanocytes,False,False,not in a druggable class - low priority,False,False,Predicted intracellular proteins,Antioxidant 1 copper chaperone
P16284,PECAM1,0.4865993345709274,medium,vascular endothelial cells,False,False,not in a druggable class - low priority,False,False,"Cancer-related genes, Candidate cardiovascular disease genes, CD markers, Plasma proteins, Predicted intracellular proteins, Predicted membrane proteins",Platelet and endothelial cell adhesion molecule 1
Q92817,EVPL,0.4864031457129062,medium,suprabasal keratinocytes,False,False,not in a druggable class - low priority,False,False,Predicted intracellular proteins,Envoplakin
Q99969,RARRES2,0.4862005796072915,medium,fibroblasts,False,False,not in a druggable class - low priority,False,False,"Plasma proteins, Predicted secreted proteins",Retinoic acid receptor responder 2
Q8N1N4,KRT78,0.4861776604220347,medium,suprabasal keratinocytes,False,False,structural protein - skip,False,True,"Plasma proteins, Predicted intracellular proteins",Keratin 78
Q08117,TLE5,0.4858186280345941,medium,fibroblasts,False,False,not in a druggable class - low priority,False,False,Predicted intracellular proteins,"TLE family member 5, transcriptional modulator"
Q9BX97,PLVAP,0.4855889942761821,medium,vascular endothelial cells,False,False,not in a druggable class - low priority,False,False,"Disease related genes, Human disease related genes, Plasma proteins, Predicted intracellular proteins, Predicted membrane proteins",Plasmalemma vesicle associated protein
Q9UBK9,UXT,0.4855553650214781,medium,suprabasal keratinocytes,False,False,not in a druggable class - low priority,False,False,"Essential proteins, Plasma proteins, Predicted intracellular proteins",Ubiquitously expressed prefoldin like chaperone
Q02078,MEF2A,0.4852776755937495,medium,vascular endothelial cells,False,False,not in a druggable class - low priority,False,False,"Cancer-related genes, Disease related genes, Human disease related genes, Predicted intracellular proteins, Transcription factors",Myocyte enhancer factor 2A
P19957,PI3,0.4852392509475928,medium,suprabasal keratinocytes,False,False,not in a druggable class - low priority,False,False,"Plasma proteins, Predicted secreted proteins",Peptidase inhibitor 3
P13928,ANXA8,0.4846431371024877,medium,suprabasal keratinocytes,False,False,not in a druggable class - low priority,False,False,Predicted intracellular proteins,Annexin A8
Q9Y282,ERGIC3,0.4844976949336786,medium,suprabasal keratinocytes,False,False,not in a druggable class - low priority,False,False,Predicted membrane proteins,ERGIC and golgi 3
P62324,BTG1,0.4843639689978106,medium,basal keratinocytes,False,False,not in a druggable class - low priority,False,False,"Cancer-related genes, Disease related genes, Predicted intracellular proteins",BTG anti-proliferation factor 1
Q7Z465,BNIPL,0.4842303223797307,medium,suprabasal keratinocytes,False,False,not in a druggable class - low priority,False,False,"Predicted intracellular proteins, Predicted membrane proteins",BCL2 interacting protein like
P98095,FBLN2,0.484177434524899,medium,fibroblasts,False,False,not in a druggable class - low priority,False,False,"Plasma proteins, Predicted intracellular proteins, Predicted secreted proteins",Fibulin 2
Q15223,NECTIN1,0.4838285249593945,medium,suprabasal keratinocytes,False,False,not in a druggable class - low priority,False,False,"CD markers, Disease related genes, Human disease related genes, Plasma proteins, Predicted membrane proteins, Predicted secreted proteins",Nectin cell adhesion molecule 1
O43504,LAMTOR5,0.4837627483872289,medium,melanocytes,False,False,not in a druggable class - low priority,False,False,"Plasma proteins, Predicted intracellular proteins","Late endosomal/lysosomal adaptor, MAPK and MTOR activator 5"
P50502,ST13,0.4836553399337933,medium,basal keratinocytes,False,False,not in a druggable class - low priority,False,False,"Plasma proteins, Predicted intracellular proteins",ST13 Hsp70 interacting protein
P15502,ELN,0.4834463025111254,medium,fibroblasts,False,False,not in a druggable class - low priority,False,False,"Disease related genes, Human disease related genes, Plasma proteins, Predicted intracellular proteins, Predicted secreted proteins",Elastin
P17813,ENG,0.4833759219505393,medium,vascular endothelial cells,False,False,not in a druggable class - low priority,False,False,"Cancer-related genes, Candidate cardiovascular disease genes, CD markers, Disease related genes, Human disease related genes, Plasma proteins, Predicted membrane proteins",Endoglin
O95232,LUC7L3,0.483116002302587,medium,basal keratinocytes,False,False,not in a druggable class - low priority,False,False,"Essential proteins, Plasma proteins, Predicted intracellular proteins",LUC7 like 3 pre-mRNA splicing factor
Q5T750,C1orf68,0.4830294785345434,medium,suprabasal keratinocytes,False,False,not in a druggable class - low priority,False,False,Predicted intracellular proteins,Chromosome 1 open reading frame 68
Q9NZC4,EHF,0.4830261720466261,medium,suprabasal keratinocytes,False,False,not in a druggable class - low priority,False,False,"Predicted intracellular proteins, Transcription factors",ETS homologous factor
Q8WWA1,TMEM40,0.4830011951781106,medium,suprabasal keratinocytes,False,False,not in a druggable class - low priority,False,False,Predicted membrane proteins,Transmembrane protein 40
Q9Y6B2,EID1,0.4829267309961146,medium,melanocytes,False,False,not in a druggable class - low priority,False,False,Predicted intracellular proteins,EP300 interacting inhibitor of differentiation 1
Q32MQ0,ZNF750,0.4826632128935418,medium,suprabasal keratinocytes,False,False,not in a druggable class - low priority,False,False,"Cancer-related genes, Disease related genes, Human disease related genes, Predicted intracellular proteins",Zinc finger protein 750
Q9NZI5,GRHL1,0.482077058356564,medium,suprabasal keratinocytes,False,False,not in a druggable class - low priority,False,False,"Predicted intracellular proteins, Transcription factors",Grainyhead like transcription factor 1
Q6UXL0,IL20RB,0.4814671118798075,medium,suprabasal keratinocytes,False,False,not in a druggable class - low priority,False,False,Predicted membrane proteins,Interleukin 20 receptor subunit beta
P48668,KRT6C,0.4811907438298096,medium,suprabasal keratinocytes,False,False,structural protein - skip,False,True,"Disease related genes, Human disease related genes, Plasma proteins, Predicted intracellular proteins",Keratin 6C
P0DP24,CALM2,0.4811281914933712,medium,lymphatic endothelial cells,False,False,not in a druggable class - low priority,False,False,"Disease related genes, Human disease related genes, Metabolic proteins, Predicted intracellular proteins, RAS pathway related proteins",Calmodulin 2
P23771,GATA3,0.4810915521453531,medium,suprabasal keratinocytes,False,False,not in a druggable class - low priority,False,False,"Cancer-related genes, Disease related genes, Human disease related genes, Plasma proteins, Predicted intracellular proteins, Transcription factors",GATA binding protein 3
P05114,HMGN1,0.4809354237611791,medium,suprabasal keratinocytes,False,False,not in a druggable class - low priority,False,False,Predicted intracellular proteins,High mobility group nucleosome binding domain 1
Q9UDW1,UQCR10,0.4808964603342097,medium,suprabasal keratinocytes,False,False,not in a druggable class - low priority,False,False,"Metabolic proteins, Predicted membrane proteins","Ubiquinol-cytochrome c reductase, complex III subunit X"
Q12805,EFEMP1,0.4807710460611639,medium,lymphatic endothelial cells,False,False,not in a druggable class - low priority,False,False,"Disease related genes, Human disease related genes, Plasma proteins, Predicted intracellular proteins, Predicted secreted proteins",EGF containing fibulin extracellular matrix protein 1
Q5JTB6,PLAC9,0.4795234549588958,medium,fibroblasts,False,False,not in a druggable class - low priority,False,False,"Predicted intracellular proteins, Predicted secreted proteins",Placenta associated 9
Q9UNZ5,C19orf53,0.4789302252517242,medium,suprabasal keratinocytes,False,False,not in a druggable class - low priority,False,False,"Essential proteins, Predicted intracellular proteins",Chromosome 19 open reading frame 53
P51884,LUM,0.4788506838462266,medium,fibroblasts,False,False,not in a druggable class - low priority,False,False,"Cancer-related genes, Plasma proteins, Predicted secreted proteins",Lumican
P00167,CYB5A,0.4787406333813671,medium,suprabasal keratinocytes,False,False,not in a druggable class - low priority,False,False,"Disease related genes, Human disease related genes, Plasma proteins, Predicted intracellular proteins, Predicted membrane proteins",Cytochrome b5 type A
P21810,BGN,0.4786535311556266,medium,fibroblasts,False,False,not in a druggable class - low priority,False,False,"Disease related genes, Human disease related genes, Predicted secreted proteins",Biglycan
Q9UBI6,GNG12,0.478428071645016,medium,basal keratinocytes,False,False,not in a druggable class - low priority,False,False,"Predicted intracellular proteins, RAS pathway related proteins",G protein subunit gamma 12
Q8IXM3,MRPL41,0.477715061905943,medium,suprabasal keratinocytes,False,False,not in a druggable class - low priority,False,False,"Essential proteins, Predicted intracellular proteins, Ribosomal proteins",Mitochondrial ribosomal protein L41
O76080,ZFAND5,0.4772638294383556,medium,melanocytes,False,False,not in a druggable class - low priority,False,False,Predicted intracellular proteins,Zinc finger AN1-type containing 5
Q13361,MFAP5,0.4771092361962279,medium,fibroblasts,False,False,not in a druggable class - low priority,False,False,"Disease related genes, Human disease related genes, Plasma proteins, Predicted intracellular proteins, Predicted secreted proteins",Microfibril associated protein 5
O00193,C11orf58,0.4769927678872978,medium,suprabasal keratinocytes,False,False,not in a druggable class - low priority,False,False,Predicted intracellular proteins,Chromosome 11 open reading frame 58
Q15417,CNN3,0.4766294909370754,medium,lymphatic endothelial cells,False,False,not in a druggable class - low priority,False,False,"Plasma proteins, Predicted intracellular proteins",Calponin 3
Q8TCV5,WFDC5,0.4764174705718615,medium,basal keratinocytes,False,False,not in a druggable class - low priority,False,False,Predicted secreted proteins,WAP four-disulfide core domain 5
Q15773,MLF2,0.4759311131778325,medium,basal keratinocytes,False,False,not in a druggable class - low priority,False,False,Predicted intracellular proteins,Myeloid leukemia factor 2
Q16666,IFI16,0.4758922973698776,medium,vascular endothelial cells,False,False,not in a druggable class - low priority,False,False,"Plasma proteins, Predicted intracellular proteins",Interferon gamma inducible protein 16
Q969H0,FBXW7,0.4751786489788743,medium,basal keratinocytes,False,False,not in a druggable class - low priority,False,False,"Cancer-related genes, Predicted intracellular proteins",F-box and WD repeat domain containing 7
O00515,LAD1,0.4749140498538725,medium,suprabasal keratinocytes,False,False,not in a druggable class - low priority,False,False,"Plasma proteins, Predicted intracellular proteins, Predicted secreted proteins",Ladinin 1
Q9UHF1,EGFL7,0.4749033834235113,medium,vascular endothelial cells,False,False,not in a druggable class - low priority,False,False,Predicted secreted proteins,EGF like domain multiple 7
P51888,PRELP,0.4743528203685426,medium,fibroblasts,False,False,not in a druggable class - low priority,False,False,"Plasma proteins, Predicted secreted proteins",Proline and arginine rich end leucine rich repeat protein
P05549,TFAP2A,0.4741560612570977,medium,melanocytes,False,False,not in a druggable class - low priority,False,False,"Disease related genes, Human disease related genes, Predicted intracellular proteins, Transcription factors",Transcription factor AP-2 alpha
Q9H4X1,RGCC,0.4737609444587521,medium,vascular endothelial cells,False,False,not in a druggable class - low priority,False,False,Predicted intracellular proteins,Regulator of cell cycle
Q6P9G4,TMEM154,0.4733752527099251,medium,suprabasal keratinocytes,False,False,not in a druggable class - low priority,False,False,"Predicted intracellular proteins, Predicted membrane proteins",Transmembrane protein 154
Q8IZP0,ABI1,0.4728902879902087,medium,suprabasal keratinocytes,False,False,not in a druggable class - low priority,False,False,"Cancer-related genes, Disease related genes, Predicted intracellular proteins",Abl interactor 1
Q9HAU0,PLEKHA5,0.4727101548440111,medium,melanocytes,False,False,not in a druggable class - low priority,False,False,"Plasma proteins, Predicted intracellular proteins",Pleckstrin homology domain containing A5
Q13642,FHL1,0.4722464126070645,medium,fibroblasts,False,False,not in a druggable class - low priority,False,False,"Disease related genes, Human disease related genes, Plasma proteins, Predicted intracellular proteins",Four and a half LIM domains 1
Q9H0B8,CRISPLD2,0.4719310672736533,medium,fibroblasts,False,False,not in a druggable class - low priority,False,False,"Predicted intracellular proteins, Predicted secreted proteins",Cysteine rich secretory protein LCCL domain containing 2
Q15834,CCDC85B,0.4718156060073204,medium,vascular endothelial cells,False,False,not in a druggable class - low priority,False,False,Predicted intracellular proteins,Coiled-coil domain containing 85B
Q9NV92,NDFIP2,0.4716857006932604,medium,basal keratinocytes,False,False,not in a druggable class - low priority,False,False,Predicted membrane proteins,Nedd4 family interacting protein 2
O75367,MACROH2A1,0.4716761647913979,medium,suprabasal keratinocytes,False,False,not in a druggable class - low priority,False,False,"Plasma proteins, Predicted intracellular proteins",MacroH2A.1 histone
Q9Y6X1,SERP1,0.4713655406157013,medium,suprabasal keratinocytes,False,False,not in a druggable class - low priority,False,False,"Predicted intracellular proteins, Predicted membrane proteins",Stress associated endoplasmic reticulum protein 1
Q9UKW4,VAV3,0.4713385086190069,medium,lymphatic endothelial cells,False,False,not in a druggable class - low priority,False,False,Predicted intracellular proteins,Vav guanine nucleotide exchange factor 3
Q93062,RBPMS,0.4711256787470326,medium,fibroblasts,False,False,not in a druggable class - low priority,False,False,Predicted intracellular proteins,"RNA binding protein, mRNA processing factor"
P0DOY2,IGLC2,0.4706766709911545,medium,vascular endothelial cells,False,False,not in a druggable class - low priority,False,False,"Immunoglobulin genes, Predicted intracellular proteins, Predicted secreted proteins",Immunoglobulin lambda constant 2
Q9NYG5,ANAPC11,0.4705851378158183,medium,suprabasal keratinocytes,False,False,not in a druggable class - low priority,False,False,"Essential proteins, Metabolic proteins, Predicted intracellular proteins",Anaphase promoting complex subunit 11
Q9UKM9,RALY,0.4697012120566675,medium,vascular endothelial cells,False,False,not in a druggable class - low priority,False,False,"Plasma proteins, Predicted intracellular proteins",RALY heterogeneous nuclear ribonucleoprotein
P28290,ITPRID2,0.4692975382752481,medium,suprabasal keratinocytes,False,False,not in a druggable class - low priority,False,False,"Plasma proteins, Predicted intracellular proteins",ITPR interacting domain containing 2
P20827,EFNA1,0.4692580123160136,medium,suprabasal keratinocytes,False,False,not in a druggable class - low priority,False,False,"Cancer-related genes, Predicted secreted proteins, RAS pathway related proteins",Ephrin A1
P29508,SERPINB3,0.4692344206751254,medium,suprabasal keratinocytes,False,False,not in a druggable class - low priority,False,False,"Cancer-related genes, Plasma proteins, Predicted intracellular proteins",Serpin family B member 3
Q9BYC9,MRPL20,0.4691934704285228,medium,suprabasal keratinocytes,False,False,not in a druggable class - low priority,False,False,"Predicted intracellular proteins, Ribosomal proteins",Mitochondrial ribosomal protein L20
Q4U2R6,MRPL51,0.4691262686965198,medium,suprabasal keratinocytes,False,False,not in a druggable class - low priority,False,False,"Essential proteins, Predicted intracellular proteins, Ribosomal proteins",Mitochondrial ribosomal protein L51
Q15388,TOMM20,0.4688355330110143,medium,basal keratinocytes,False,False,not in a druggable class - low priority,False,False,"Essential proteins, Predicted membrane proteins",Translocase of outer mitochondrial membrane 20
Q8WXH0,SYNE2,0.4685428562493482,medium,vascular endothelial cells,False,False,not in a druggable class - low priority,False,False,"Disease related genes, Human disease related genes, Plasma proteins, Predicted intracellular proteins, Predicted membrane proteins",Spectrin repeat containing nuclear envelope protein 2
P53801,PTTG1IP,0.4681526939366497,medium,melanocytes,False,False,not in a druggable class - low priority,False,False,"Predicted intracellular proteins, Predicted membrane proteins",PTTG1 interacting protein
P98160,HSPG2,0.4679584558271297,medium,vascular endothelial cells,False,False,not in a druggable class - low priority,False,False,"Disease related genes, Human disease related genes, Plasma proteins, Predicted intracellular proteins, Predicted secreted proteins",Heparan sulfate proteoglycan 2
Q9Y2D4,EXOC6B,0.4678811603437658,medium,suprabasal keratinocytes,False,False,not in a druggable class - low priority,False,False,"Disease related genes, Human disease related genes, Predicted intracellular proteins",Exocyst complex component 6B
Q9Y608,LRRFIP2,0.4678042591573633,medium,suprabasal keratinocytes,False,False,not in a druggable class - low priority,False,False,"Predicted intracellular proteins, Transcription factors",LRR binding FLII interacting protein 2
Q08170,SRSF4,0.4669301429195328,medium,vascular endothelial cells,False,False,not in a druggable class - low priority,False,False,Predicted intracellular proteins,Serine and arginine rich splicing factor 4
Q99961,SH3GL1,0.4668108643971538,medium,suprabasal keratinocytes,False,False,not in a druggable class - low priority,False,False,"Cancer-related genes, Disease related genes, Human disease related genes, Predicted intracellular proteins","SH3 domain containing GRB2 like 1, endophilin A2"
Q15038,DAZAP2,0.4667020786665353,medium,melanocytes,False,False,not in a druggable class - low priority,False,False,Predicted intracellular proteins,DAZ associated protein 2
Q8N131,TMEM123,0.4663765659939609,medium,lymphatic endothelial cells,False,False,not in a druggable class - low priority,False,False,"Predicted intracellular proteins, Predicted membrane proteins",Transmembrane protein 123
Q86TS9,MRPL52,0.4659227512583218,medium,suprabasal keratinocytes,False,False,not in a druggable class - low priority,False,False,"Predicted intracellular proteins, Ribosomal proteins",Mitochondrial ribosomal protein L52
P05204,HMGN2,0.4658893408854495,medium,basal keratinocytes,False,False,not in a druggable class - low priority,False,False,"Essential proteins, Predicted intracellular proteins",High mobility group nucleosomal binding domain 2
P28906,CD34,0.4658156839440664,medium,vascular endothelial cells,False,False,not in a druggable class - low priority,False,False,"CD markers, Predicted membrane proteins",CD34 molecule
P15408,FOSL2,0.4657235446859761,medium,vascular endothelial cells,False,False,not in a druggable class - low priority,False,False,"Predicted intracellular proteins, Transcription factors","FOS like 2, AP-1 transcription factor subunit"
Q13444,ADAM15,0.4654937997150096,medium,vascular endothelial cells,False,False,not in a druggable class - low priority,False,False,"Predicted intracellular proteins, Predicted membrane proteins",ADAM metallopeptidase domain 15
Q13439,GOLGA4,0.4654789205418803,medium,suprabasal keratinocytes,False,False,not in a druggable class - low priority,False,False,"Plasma proteins, Predicted intracellular proteins",Golgin A4
O75444,MAF,0.4653174487941921,medium,lymphatic endothelial cells,False,False,not in a druggable class - low priority,False,False,"Cancer-related genes, Disease related genes, Human disease related genes, Predicted intracellular proteins, Transcription factors",MAF bZIP transcription factor
Q674X7,KAZN,0.4652824158930241,medium,fibroblasts,False,False,not in a druggable class - low priority,False,False,Predicted intracellular proteins,"Kazrin, periplakin interacting protein"
Q15007,WTAP,0.465012403008225,medium,basal keratinocytes,False,False,not in a druggable class - low priority,False,False,"Essential proteins, Predicted intracellular proteins",WT1 associated protein
Q9UHA3,RSL24D1,0.4650101352819439,medium,basal keratinocytes,False,False,not in a druggable class - low priority,False,False,"Essential proteins, Predicted intracellular proteins, Ribosomal proteins",Ribosomal L24 domain containing 1
O95415,BRI3,0.4647023504927799,medium,melanocytes,False,False,not in a druggable class - low priority,False,False,"Predicted intracellular proteins, Predicted membrane proteins",Brain protein I3
Q14192,FHL2,0.4646920506656462,medium,basal keratinocytes,False,False,not in a druggable class - low priority,False,False,Predicted intracellular proteins,Four and a half LIM domains 2
Q8J025,APCDD1,0.4642637664835858,medium,fibroblasts,False,False,not in a druggable class - low priority,False,False,"Disease related genes, Human disease related genes, Predicted intracellular proteins, Predicted membrane proteins",APC down-regulated 1
Q9Y3C8,UFC1,0.4642611574992537,medium,suprabasal keratinocytes,False,False,not in a druggable class - low priority,False,False,"Disease related genes, Essential proteins, Human disease related genes, Predicted intracellular proteins",Ubiquitin-fold modifier conjugating enzyme 1
Q86XT9,TMEM219,0.4642349609254531,medium,melanocytes,False,False,not in a druggable class - low priority,False,False,"Predicted intracellular proteins, Predicted membrane proteins",Transmembrane protein 219
P35052,GPC1,0.4641099804184292,medium,suprabasal keratinocytes,False,False,not in a druggable class - low priority,False,False,"Disease related genes, Predicted intracellular proteins, Predicted membrane proteins",Glypican 1
P62952,BLCAP,0.4639383321240272,medium,basal keratinocytes,False,False,not in a druggable class - low priority,False,False,Predicted intracellular proteins,BLCAP apoptosis inducing factor
Q12965,MYO1E,0.4638446726086249,medium,suprabasal keratinocytes,False,False,not in a druggable class - low priority,False,False,"Disease related genes, Human disease related genes, Predicted intracellular proteins",Myosin IE
Q6P597,KLC3,0.4637708504664141,medium,suprabasal keratinocytes,False,False,not in a druggable class - low priority,False,False,Predicted intracellular proteins,Kinesin light chain 3
A0A2R8Y7D0,TINCR,0.4635002117641321,medium,suprabasal keratinocytes,False,False,not in a druggable class - low priority,False,False,Predicted intracellular proteins,TINCR ubiquitin domain containing
Q5SSJ5,HP1BP3,0.4629783193887007,medium,basal keratinocytes,False,False,not in a druggable class - low priority,False,False,Predicted intracellular proteins,Heterochromatin protein 1 binding protein 3
O15534,PER1,0.4624662059361175,medium,melanocytes,False,False,not in a druggable class - low priority,False,False,"Cancer-related genes, Predicted intracellular proteins",Period circadian regulator 1
Q5T0Z8,C6orf132,0.462389539240736,medium,suprabasal keratinocytes,False,False,not in a druggable class - low priority,False,False,Predicted intracellular proteins,Chromosome 6 open reading frame 132
Q13009,TIAM1,0.4621538354840786,medium,suprabasal keratinocytes,False,False,not in a druggable class - low priority,False,False,"Disease related genes, Plasma proteins, Predicted intracellular proteins, RAS pathway related proteins",TIAM Rac1 associated GEF 1
Q9GZM8,NDEL1,0.4620569339403723,medium,suprabasal keratinocytes,False,False,not in a druggable class - low priority,False,False,Predicted intracellular proteins,NudE neurodevelopment protein 1 like 1
P24043,LAMA2,0.4620186832532605,medium,fibroblasts,False,False,not in a druggable class - low priority,False,False,"Disease related genes, Human disease related genes, Plasma proteins, Predicted intracellular proteins, Predicted secreted proteins",Laminin subunit alpha 2
Q9UBX5,FBLN5,0.4619416267112234,medium,fibroblasts,False,False,not in a druggable class - low priority,False,False,"Disease related genes, Human disease related genes, Plasma proteins, Predicted intracellular proteins, Predicted secreted proteins",Fibulin 5
P11047,LAMC1,0.461888540148701,medium,fibroblasts,False,False,not in a druggable class - low priority,False,False,"Cancer-related genes, Plasma proteins, Predicted intracellular proteins, Predicted secreted proteins",Laminin subunit gamma 1
Q9H1E3,NUCKS1,0.4617507242961247,medium,basal keratinocytes,False,False,not in a druggable class - low priority,False,False,"Plasma proteins, Predicted intracellular proteins",Nuclear casein kinase and cyclin dependent kinase substrate 1
Q9NP74,PALMD,0.4612665222077897,medium,vascular endothelial cells,False,False,not in a druggable class - low priority,False,False,Predicted intracellular proteins,Palmdelphin
P50539,MXI1,0.4609094654522196,medium,melanocytes,False,False,not in a druggable class - low priority,False,False,"Cancer-related genes, Disease related genes, Human disease related genes, Predicted intracellular proteins, Transcription factors","MAX interactor 1, dimerization protein"
Q13113,PDZK1IP1,0.4607348037808744,medium,suprabasal keratinocytes,False,False,not in a druggable class - low priority,False,False,Predicted membrane proteins,PDZK1 interacting protein 1
Q9UK45,LSM7,0.4606956074611471,medium,basal keratinocytes,False,False,not in a druggable class - low priority,False,False,"Essential proteins, Predicted intracellular proteins","LSM7 homolog, U6 small nuclear RNA and mRNA degradation associated"
Q16540,MRPL23,0.4604092154453124,medium,suprabasal keratinocytes,False,False,not in a druggable class - low priority,False,False,"Predicted intracellular proteins, Ribosomal proteins",Mitochondrial ribosomal protein L23
A8MQ03,CYSRT1,0.4604010551508526,medium,suprabasal keratinocytes,False,False,not in a druggable class - low priority,False,False,Predicted intracellular proteins,Cysteine rich tail 1
Q8N2S1,LTBP4,0.4602083578853447,medium,fibroblasts,False,False,not in a druggable class - low priority,False,False,"Disease related genes, Human disease related genes, Plasma proteins, Predicted intracellular proteins, Predicted secreted proteins",Latent transforming growth factor beta binding protein 4
O94885,SASH1,0.4601097315043336,medium,lymphatic endothelial cells,False,False,not in a druggable class - low priority,False,False,"Disease related genes, Human disease related genes, Predicted intracellular proteins",SAM and SH3 domain containing 1
O14907,TAX1BP3,0.4600906864884577,medium,melanocytes,False,False,not in a druggable class - low priority,False,False,Predicted intracellular proteins,Tax1 binding protein 3
Q86VP1,TAX1BP1,0.460071508294435,medium,suprabasal keratinocytes,False,False,not in a druggable class - low priority,False,False,"Predicted intracellular proteins, Predicted membrane proteins",Tax1 binding protein 1
P55010,EIF5,0.4600161684096123,medium,basal keratinocytes,False,False,not in a druggable class - low priority,False,False,"Essential proteins, Predicted intracellular proteins",Eukaryotic translation initiation factor 5
O60487,MPZL2,0.4599501676557907,medium,suprabasal keratinocytes,False,False,not in a druggable class - low priority,False,False,"Disease related genes, Human disease related genes, Predicted membrane proteins",Myelin protein zero like 2
Q15113,PCOLCE,0.4599069152869718,medium,fibroblasts,False,False,not in a druggable class - low priority,False,False,"Plasma proteins, Predicted secreted proteins",Procollagen C-endopeptidase enhancer
Q96PM9,ZNF385A,0.4598783857058394,medium,suprabasal keratinocytes,False,False,not in a druggable class - low priority,False,False,Predicted intracellular proteins,Zinc finger protein 385A
P07204,THBD,0.4597244174313915,medium,vascular endothelial cells,False,False,not in a druggable class - low priority,False,False,"Candidate cardiovascular disease genes, CD markers, Disease related genes, Human disease related genes, Predicted membrane proteins",Thrombomodulin
Q96JP9,CDHR1,0.4597039594188489,medium,basal keratinocytes,False,False,not in a druggable class - low priority,False,False,"Disease related genes, Human disease related genes, Predicted intracellular proteins, Predicted membrane proteins",Cadherin related family member 1
P51636,CAV2,0.4596357255632857,medium,basal keratinocytes,False,False,not in a druggable class - low priority,False,False,"Predicted intracellular proteins, Predicted membrane proteins",Caveolin 2
Q02363,ID2,0.459350648436077,medium,fibroblasts,False,False,not in a druggable class - low priority,False,False,"Cancer-related genes, Predicted intracellular proteins, Transcription factors",Inhibitor of DNA binding 2
P57682,KLF3,0.4593030866575004,medium,suprabasal keratinocytes,False,False,not in a druggable class - low priority,False,False,"Predicted intracellular proteins, Transcription factors",KLF transcription factor 3
P08727,KRT19,0.4592857406879995,medium,basal keratinocytes,False,False,structural protein - skip,False,True,"Cancer-related genes, Plasma proteins, Predicted intracellular proteins",Keratin 19
Q9H1K1,ISCU,0.4589358936919457,medium,fibroblasts,False,False,not in a druggable class - low priority,False,False,"Disease related genes, Essential proteins, Human disease related genes, Predicted intracellular proteins",Iron-sulfur cluster assembly enzyme
P01903,HLA-DRA,0.4587836964294465,medium,vascular endothelial cells,False,False,not in a druggable class - low priority,False,False,"Plasma proteins, Predicted membrane proteins","Major histocompatibility complex, class II, DR alpha"
P49715,CEBPA,0.4584298792761057,medium,suprabasal keratinocytes,False,False,not in a druggable class - low priority,False,False,"Cancer-related genes, Disease related genes, Human disease related genes, Predicted intracellular proteins, Transcription factors",CCAAT enhancer binding protein alpha
Q04900,CD164,0.45791161628801,medium,suprabasal keratinocytes,False,False,not in a druggable class - low priority,False,False,"CD markers, Disease related genes, Human disease related genes, Predicted intracellular proteins, Predicted membrane proteins",CD164 molecule
P20930,FLG,0.4578303427066023,medium,suprabasal keratinocytes,False,False,not in a druggable class - low priority,False,False,"Cancer-related genes, Disease related genes, Human disease related genes, Plasma proteins, Predicted intracellular proteins",Filaggrin
Q00169,PITPNA,0.4575037713736065,medium,suprabasal keratinocytes,False,False,not in a druggable class - low priority,False,False,Predicted intracellular proteins,Phosphatidylinositol transfer protein alpha
Q99698,LYST,0.4574347941581029,medium,melanocytes,False,False,not in a druggable class - low priority,False,False,"Disease related genes, Human disease related genes, Predicted intracellular proteins",Lysosomal trafficking regulator
Q15583,TGIF1,0.4572920528584679,medium,basal keratinocytes,False,False,not in a druggable class - low priority,False,False,"Cancer-related genes, Disease related genes, Human disease related genes, Predicted intracellular proteins, Transcription factors",TGFB induced factor homeobox 1
P08621,SNRNP70,0.456921934700899,medium,basal keratinocytes,False,False,not in a druggable class - low priority,False,False,"Essential proteins, Plasma proteins, Predicted intracellular proteins",Small nuclear ribonucleoprotein U1 subunit 70
O75531,BANF1,0.4566540769561199,medium,melanocytes,False,False,not in a druggable class - low priority,False,False,"Disease related genes, Essential proteins, Human disease related genes, Plasma proteins, Predicted intracellular proteins",BAF nuclear assembly factor 1
Q3ZCW2,LGALSL,0.4565360786999723,medium,suprabasal keratinocytes,False,False,not in a druggable class - low priority,False,False,"Plasma proteins, Predicted intracellular proteins",Galectin like
Q14938,NFIX,0.4561487256089709,medium,fibroblasts,False,False,not in a druggable class - low priority,False,False,"Disease related genes, Human disease related genes, Predicted intracellular proteins, Transcription factors",Nuclear factor I X
Q9Y6A9,SPCS1,0.4561397850313693,medium,suprabasal keratinocytes,False,False,not in a druggable class - low priority,False,False,"Metabolic proteins, Predicted membrane proteins",Signal peptidase complex subunit 1
Q9H2X8,IFI27L2,0.4558534453066509,medium,melanocytes,False,False,not in a druggable class - low priority,False,False,Predicted intracellular proteins,Interferon alpha inducible protein 27 like 2
O00712,NFIB,0.4553076664778482,medium,vascular endothelial cells,False,False,not in a druggable class - low priority,False,False,"Cancer-related genes, Disease related genes, Predicted intracellular proteins, Transcription factors",Nuclear factor I B
Q15011,HERPUD1,0.4552934359262212,medium,basal keratinocytes,False,False,not in a druggable class - low priority,False,False,"Cancer-related genes, Plasma proteins, Predicted intracellular proteins, Predicted membrane proteins",Homocysteine inducible ER protein with ubiquitin like domain 1
Q9H8U3,ZFAND3,0.4550887822569111,medium,suprabasal keratinocytes,False,False,not in a druggable class - low priority,False,False,Predicted intracellular proteins,Zinc finger AN1-type containing 3
Q9NV31,IMP3,0.4546997797846932,medium,suprabasal keratinocytes,False,False,not in a druggable class - low priority,False,False,"Essential proteins, Plasma proteins, Predicted intracellular proteins, Ribosomal proteins",IMP U3 small nucleolar ribonucleoprotein 3
P78537,BLOC1S1,0.4543483698347709,medium,suprabasal keratinocytes,False,False,not in a druggable class - low priority,False,False,Predicted intracellular proteins,Biogenesis of lysosomal organelles complex 1 subunit 1
Q969K7,TMEM54,0.4543245463313589,medium,suprabasal keratinocytes,False,False,not in a druggable class - low priority,False,False,Predicted membrane proteins,Transmembrane protein 54
O43679,LDB2,0.4541913892040908,medium,vascular endothelial cells,False,False,not in a druggable class - low priority,False,False,Predicted intracellular proteins,LIM domain binding 2
P36954,POLR2I,0.4540939848283445,medium,suprabasal keratinocytes,False,False,not in a druggable class - low priority,False,False,"Essential proteins, Metabolic proteins, Predicted intracellular proteins, RNA polymerase related proteins",RNA polymerase II subunit I
Q14865,ARID5B,0.4538555195914423,medium,basal keratinocytes,False,False,not in a druggable class - low priority,False,False,"Cancer-related genes, Disease related genes, Predicted intracellular proteins, Transcription factors",AT-rich interaction domain 5B
Q6P5R6,RPL22L1,0.4538321437022419,medium,suprabasal keratinocytes,False,False,structural protein - skip,False,True,"Predicted intracellular proteins, Ribosomal proteins",Ribosomal protein L22 like 1
O75394,MRPL33,0.4538033452679021,medium,melanocytes,False,False,not in a druggable class - low priority,False,False,"Predicted intracellular proteins, Ribosomal proteins",Mitochondrial ribosomal protein L33
P30622,CLIP1,0.453739406437641,medium,suprabasal keratinocytes,False,False,not in a druggable class - low priority,False,False,"Cancer-related genes, Plasma proteins, Predicted intracellular proteins",CAP-Gly domain containing linker protein 1
Q15651,HMGN3,0.4533184388684035,medium,melanocytes,False,False,not in a druggable class - low priority,False,False,Predicted intracellular proteins,High mobility group nucleosomal binding domain 3
Q9Y3D0,CIAO2B,0.453047999590727,medium,suprabasal keratinocytes,False,False,not in a druggable class - low priority,False,False,"Essential proteins, Predicted intracellular proteins",Cytosolic iron-sulfur assembly component 2B
P04921,GYPC,0.4528864703909286,medium,melanocytes,False,False,not in a druggable class - low priority,False,False,"Blood group antigen proteins, CD markers, Predicted membrane proteins",Glycophorin C (Gerbich blood group)
Q9NRX5,SERINC1,0.4528052835980737,medium,lymphatic endothelial cells,False,False,not in a druggable class - low priority,False,False,"Plasma proteins, Predicted membrane proteins",Serine incorporator 1
Q16610,ECM1,0.452261713994237,medium,suprabasal keratinocytes,False,False,not in a druggable class - low priority,False,False,"Disease related genes, Human disease related genes, Plasma proteins, Predicted secreted proteins",Extracellular matrix protein 1
Q99967,CITED2,0.4522488902634655,medium,fibroblasts,False,False,not in a druggable class - low priority,False,False,"Disease related genes, Human disease related genes, Plasma proteins, Predicted intracellular proteins",Cbp/p300 interacting transactivator with Glu/Asp rich carboxy-terminal domain 2
Q00994,BEX3,0.4522319401918699,medium,fibroblasts,False,False,not in a druggable class - low priority,False,False,Predicted intracellular proteins,Brain expressed X-linked 3
Q8NF91,SYNE1,0.4520946086747279,medium,vascular endothelial cells,False,False,not in a druggable class - low priority,False,False,"Cancer-related genes, Disease related genes, Human disease related genes, Plasma proteins, Predicted intracellular proteins, Predicted membrane proteins",Spectrin repeat containing nuclear envelope protein 1
P32519,ELF1,0.4517658827167402,medium,melanocytes,False,False,not in a druggable class - low priority,False,False,"Predicted intracellular proteins, Transcription factors",E74 like ETS transcription factor 1
Q6UW56,ATRAID,0.4517178428820421,medium,fibroblasts,False,False,not in a druggable class - low priority,False,False,"Predicted intracellular proteins, Predicted membrane proteins",All-trans retinoic acid induced differentiation factor
Q8IY22,CMIP,0.4513262335867137,medium,suprabasal keratinocytes,False,False,not in a druggable class - low priority,False,False,Predicted intracellular proteins,C-Maf inducing protein
Q92478,CLEC2B,0.4512920477782366,medium,vascular endothelial cells,False,False,not in a druggable class - low priority,False,False,Predicted intracellular proteins,C-type lectin domain family 2 member B
Q6UB99,ANKRD11,0.4508165969675459,medium,suprabasal keratinocytes,False,False,not in a druggable class - low priority,False,False,"Disease related genes, Human disease related genes, Predicted intracellular proteins",Ankyrin repeat domain containing 11
Q9BQ70,TCF25,0.4507871445178412,medium,melanocytes,False,False,not in a druggable class - low priority,False,False,"Predicted intracellular proteins, Transcription factors",Transcription factor 25
Q9BQI4,CCDC3,0.4502853153152605,medium,vascular endothelial cells,False,False,not in a druggable class - low priority,False,False,"Predicted intracellular proteins, Predicted secreted proteins",Coiled-coil domain containing 3
Q9Y4D1,DAAM1,0.4502402758288321,medium,basal keratinocytes,False,False,not in a druggable class - low priority,False,False,"Plasma proteins, Predicted intracellular proteins",Dishevelled associated activator of morphogenesis 1
P15407,FOSL1,0.4501736066639456,medium,suprabasal keratinocytes,False,False,not in a druggable class - low priority,False,False,"Cancer-related genes, Metabolic proteins, Plasma proteins, Predicted intracellular proteins, Transcription factors","FOS like 1, AP-1 transcription factor subunit"
Q9P0W2,HMG20B,0.4501330381458196,medium,melanocytes,False,False,not in a druggable class - low priority,False,False,"Predicted intracellular proteins, Transcription factors",High mobility group 20B
Q99584,S100A13,0.4500975306140274,medium,fibroblasts,False,False,not in a druggable class - low priority,False,False,"Predicted intracellular proteins, Predicted secreted proteins",S100 calcium binding protein A13
O43257,ZNHIT1,0.4499745381829087,medium,suprabasal keratinocytes,False,False,not in a druggable class - low priority,False,False,Predicted intracellular proteins,Zinc finger HIT-type containing 1
Q9BSE2,TMEM79,0.4499167130726628,medium,suprabasal keratinocytes,False,False,not in a druggable class - low priority,False,False,"Disease related genes, Predicted intracellular proteins, Predicted membrane proteins",Transmembrane protein 79
Q13201,MMRN1,0.4497458998889256,medium,lymphatic endothelial cells,False,False,not in a druggable class - low priority,False,False,"Disease related genes, Plasma proteins, Predicted intracellular proteins, Predicted secreted proteins",Multimerin 1
Q9Y5R8,TRAPPC1,0.4497080403271826,medium,melanocytes,False,False,not in a druggable class - low priority,False,False,"Essential proteins, Predicted intracellular proteins",Trafficking protein particle complex subunit 1
Q9Y5Q3,MAFB,0.4491799332787016,medium,suprabasal keratinocytes,False,False,not in a druggable class - low priority,False,False,"Cancer-related genes, Disease related genes, Human disease related genes, Predicted intracellular proteins, Transcription factors",MAF bZIP transcription factor B
Q9BYH8,NFKBIZ,0.4491206767844865,medium,suprabasal keratinocytes,False,False,not in a druggable class - low priority,False,False,"Predicted intracellular proteins, Transcription factors",NFKB inhibitor zeta
O75410,TACC1,0.4489340233202922,medium,vascular endothelial cells,False,False,not in a druggable class - low priority,False,False,Predicted intracellular proteins,Transforming acidic coiled-coil containing protein 1
Q6ZVM7,TOM1L2,0.4488882570641937,medium,suprabasal keratinocytes,False,False,not in a druggable class - low priority,False,False,Predicted intracellular proteins,Target of myb1 like 2 membrane trafficking protein
Q9BWL3,C1orf43,0.4487296943921751,medium,melanocytes,False,False,not in a druggable class - low priority,False,False,"Predicted intracellular proteins, Predicted membrane proteins",Chromosome 1 open reading frame 43
Q9P2R6,RERE,0.4478680145677876,medium,lymphatic endothelial cells,False,False,not in a druggable class - low priority,False,False,"Disease related genes, Human disease related genes, Predicted intracellular proteins, Transcription factors",Arginine-glutamic acid dipeptide repeats
P27701,CD82,0.4477132488850078,medium,suprabasal keratinocytes,False,False,not in a druggable class - low priority,False,False,"Cancer-related genes, CD markers, Plasma proteins, Predicted intracellular proteins, Predicted membrane proteins",CD82 molecule
Q8WXX7,AUTS2,0.4475079229654749,medium,lymphatic endothelial cells,False,False,not in a druggable class - low priority,False,False,"Disease related genes, Human disease related genes, Plasma proteins, Predicted intracellular proteins",Activator of transcription and developmental regulator AUTS2
Q86WX3,RPS19BP1,0.4473620897511062,medium,suprabasal keratinocytes,False,False,structural protein - skip,False,True,"Essential proteins, Predicted intracellular proteins",Ribosomal protein S19 binding protein 1
Q9BRA0,NAA38,0.447313040183675,medium,suprabasal keratinocytes,False,False,not in a druggable class - low priority,False,False,"Essential proteins, Predicted intracellular proteins","N-alpha-acetyltransferase 38, NatC auxiliary subunit"
Q9NS68,TNFRSF19,0.447211881049274,medium,basal keratinocytes,False,False,not in a druggable class - low priority,False,False,"Plasma proteins, Predicted membrane proteins",TNF receptor superfamily member 19
Q9BQE4,SELENOS,0.4471330154242678,medium,suprabasal keratinocytes,False,False,not in a druggable class - low priority,False,False,Predicted membrane proteins,Selenoprotein S
Q13561,DCTN2,0.4470330855384908,medium,suprabasal keratinocytes,False,False,not in a druggable class - low priority,False,False,"Essential proteins, Predicted intracellular proteins",Dynactin subunit 2
O95425,SVIL,0.4470046470887271,medium,basal keratinocytes,False,False,not in a druggable class - low priority,False,False,"Disease related genes, Human disease related genes, Plasma proteins, Predicted intracellular proteins",Supervillin
Q7Z4F1,LRP10,0.4468057447632041,medium,suprabasal keratinocytes,False,False,not in a druggable class - low priority,False,False,Predicted membrane proteins,LDL receptor related protein 10
P78332,RBM6,0.4467951168795535,medium,vascular endothelial cells,False,False,not in a druggable class - low priority,False,False,"Cancer-related genes, Plasma proteins, Predicted intracellular proteins",RNA binding motif protein 6
Q96DR8,MUCL1,0.4466657439769512,medium,melanocytes,False,False,not in a druggable class - low priority,False,False,"Predicted intracellular proteins, Predicted secreted proteins",Mucin like 1
Q02487,DSC2,0.4466577164920294,medium,suprabasal keratinocytes,False,False,not in a druggable class - low priority,False,False,"Disease related genes, Human disease related genes, Plasma proteins, Predicted membrane proteins",Desmocollin 2
Q9GZV5,WWTR1,0.4464762337436613,medium,vascular endothelial cells,False,False,not in a druggable class - low priority,False,False,"Cancer-related genes, Predicted intracellular proteins",WW domain containing transcription regulator 1
O95897,OLFM2,0.4462763791662983,medium,basal keratinocytes,False,False,not in a druggable class - low priority,False,False,"Plasma proteins, Predicted intracellular proteins, Predicted secreted proteins",Olfactomedin 2
Q969T9,WBP2,0.4462062974135569,medium,suprabasal keratinocytes,False,False,not in a druggable class - low priority,False,False,"Disease related genes, Human disease related genes, Predicted intracellular proteins",WW domain binding protein 2
O14957,UQCR11,0.4456486764064494,medium,melanocytes,False,False,not in a druggable class - low priority,False,False,"Essential proteins, Metabolic proteins, Predicted membrane proteins","Ubiquinol-cytochrome c reductase, complex III subunit XI"
O95183,VAMP5,0.4455817188522082,medium,melanocytes,False,False,not in a druggable class - low priority,False,False,Predicted membrane proteins,Vesicle associated membrane protein 5
P50895,BCAM,0.4455061413675222,medium,vascular endothelial cells,False,False,not in a druggable class - low priority,False,False,"Blood group antigen proteins, CD markers, Plasma proteins, Predicted intracellular proteins, Predicted membrane proteins",Basal cell adhesion molecule (Lutheran blood group)
P35611,ADD1,0.4452347695279489,medium,vascular endothelial cells,False,False,not in a druggable class - low priority,False,False,"Plasma proteins, Predicted intracellular proteins",Adducin 1
Q6KB66,KRT80,0.4450504020425115,medium,suprabasal keratinocytes,False,False,structural protein - skip,False,True,"Plasma proteins, Predicted intracellular proteins",Keratin 80
Q13886,KLF9,0.445019658890552,medium,fibroblasts,False,False,not in a druggable class - low priority,False,False,"Predicted intracellular proteins, Transcription factors",KLF transcription factor 9
Q5HYK7,SH3D19,0.4448458074392235,medium,fibroblasts,False,False,not in a druggable class - low priority,False,False,Predicted intracellular proteins,SH3 domain containing 19
Q6UXB8,PI16,0.444623764965624,medium,fibroblasts,False,False,not in a druggable class - low priority,False,False,"CD markers, Plasma proteins, Predicted membrane proteins, Predicted secreted proteins",Peptidase inhibitor 16
P47813,EIF1AX,0.4443809064861602,medium,suprabasal keratinocytes,False,False,not in a druggable class - low priority,False,False,"Essential proteins, Predicted intracellular proteins",Eukaryotic translation initiation factor 1A X-linked
P55036,PSMD4,0.4443519303883233,medium,suprabasal keratinocytes,False,False,not in a druggable class - low priority,False,False,"Cancer-related genes, Essential proteins, Predicted intracellular proteins","Proteasome 26S subunit ubiquitin receptor, non-ATPase 4"
Q03167,TGFBR3,0.4442686033665382,medium,fibroblasts,False,False,not in a druggable class - low priority,False,False,"Cancer-related genes, Plasma proteins, Predicted membrane proteins, Predicted secreted proteins",Transforming growth factor beta receptor 3
P39060,COL18A1,0.4441163301990188,medium,fibroblasts,False,False,structural protein - skip,False,True,"Cancer-related genes, Disease related genes, Human disease related genes, Plasma proteins, Predicted intracellular proteins, Predicted secreted proteins",Collagen type XVIII alpha 1 chain
O95452,GJB6,0.4441004905079426,medium,suprabasal keratinocytes,False,False,not in a druggable class - low priority,False,False,"Disease related genes, Human disease related genes, Predicted membrane proteins",Gap junction protein beta 6
P08572,COL4A2,0.4437230256194213,medium,fibroblasts,False,False,structural protein - skip,False,True,"Cancer-related genes, Disease related genes, Human disease related genes, Plasma proteins, Predicted intracellular proteins, Predicted secreted proteins",Collagen type IV alpha 2 chain
P23490,LORICRIN,0.4435753455450572,medium,suprabasal keratinocytes,False,False,not in a druggable class - low priority,False,False,"Disease related genes, Human disease related genes, Predicted intracellular proteins",Loricrin cornified envelope precursor protein
P38159,RBMX,0.4435052891998401,medium,basal keratinocytes,False,False,not in a druggable class - low priority,False,False,"Cancer-related genes, Disease related genes, Essential proteins, Human disease related genes, Plasma proteins, Predicted intracellular proteins",RNA binding motif protein X-linked
Q8IYJ3,SYTL1,0.4434953410524943,medium,suprabasal keratinocytes,False,False,not in a druggable class - low priority,False,False,"Plasma proteins, Predicted intracellular proteins",Synaptotagmin like 1
Q5T5P2,KIAA1217,0.4432904161054056,medium,basal keratinocytes,False,False,not in a druggable class - low priority,False,False,Predicted intracellular proteins,KIAA1217
Q6WCQ1,MPRIP,0.4432825380865012,medium,melanocytes,False,False,not in a druggable class - low priority,False,False,Predicted intracellular proteins,Myosin phosphatase Rho interacting protein
Q8NFU3,TSTD1,0.442887955888115,medium,suprabasal keratinocytes,False,False,not in a druggable class - low priority,False,False,Predicted intracellular proteins,Thiosulfate sulfurtransferase like domain containing 1
Q96R05,RBP7,0.4426286316627389,medium,vascular endothelial cells,False,False,not in a druggable class - low priority,False,False,Predicted intracellular proteins,Retinol binding protein 7
O75635,SERPINB7,0.4425573213155003,medium,basal keratinocytes,False,False,not in a druggable class - low priority,False,False,"Disease related genes, Human disease related genes, Predicted intracellular proteins",Serpin family B member 7
Q9H1C7,CYSTM1,0.4423231972733725,medium,melanocytes,False,False,not in a druggable class - low priority,False,False,Predicted intracellular proteins,Cysteine rich transmembrane module containing 1
O75629,CREG1,0.4422609509483892,medium,suprabasal keratinocytes,False,False,not in a druggable class - low priority,False,False,Predicted secreted proteins,Cellular repressor of E1A stimulated genes 1
Q9NNX1,TUFT1,0.4421012163737257,medium,suprabasal keratinocytes,False,False,not in a druggable class - low priority,False,False,"Predicted intracellular proteins, Predicted secreted proteins",Tuftelin 1
Q9NP97,DYNLRB1,0.4418235423339365,medium,lymphatic endothelial cells,False,False,not in a druggable class - low priority,False,False,"Essential proteins, Plasma proteins, Predicted intracellular proteins",Dynein light chain roadblock-type 1
O75368,SH3BGRL,0.44168766603534,medium,melanocytes,False,False,not in a druggable class - low priority,False,False,"Disease related genes, Plasma proteins, Predicted intracellular proteins",SH3 domain binding glutamate rich protein like
Q504T8,MIDN,0.4413984885808321,medium,vascular endothelial cells,False,False,not in a druggable class - low priority,False,False,Predicted intracellular proteins,Midnolin
Q7Z6K4,NRARP,0.4413203139860983,medium,suprabasal keratinocytes,False,False,not in a druggable class - low priority,False,False,Predicted intracellular proteins,NOTCH regulated ankyrin repeat protein
P04440,HLA-DPB1,0.4410770784933432,medium,vascular endothelial cells,False,False,not in a druggable class - low priority,False,False,"Human disease related genes, Predicted membrane proteins","Major histocompatibility complex, class II, DP beta 1"
Q8IW75,SERPINA12,0.4410686792095771,medium,suprabasal keratinocytes,False,False,not in a druggable class - low priority,False,False,Predicted secreted proteins,Serpin family A member 12
O95208,EPN2,0.4409116404677671,medium,suprabasal keratinocytes,False,False,not in a druggable class - low priority,False,False,Predicted intracellular proteins,Epsin 2
Q9UK76,JPT1,0.4409007179913017,medium,suprabasal keratinocytes,False,False,not in a druggable class - low priority,False,False,"Plasma proteins, Predicted intracellular proteins",Jupiter microtubule associated homolog 1
P02654,APOC1,0.4408196207724285,medium,melanocytes,False,False,not in a druggable class - low priority,False,False,"Cancer-related genes, Candidate cardiovascular disease genes, Metabolic proteins, Plasma proteins, Predicted secreted proteins",Apolipoprotein C1
Q6UX71,PLXDC2,0.4407301569863295,medium,fibroblasts,False,False,not in a druggable class - low priority,False,False,Predicted membrane proteins,Plexin domain containing 2
Q4ZIN3,TMEM259,0.4403929913386796,medium,suprabasal keratinocytes,False,False,not in a druggable class - low priority,False,False,"Predicted intracellular proteins, Predicted membrane proteins",Transmembrane protein 259
O75718,CRTAP,0.440083955137576,medium,fibroblasts,False,False,not in a druggable class - low priority,False,False,"Disease related genes, Human disease related genes, Predicted secreted proteins",Cartilage associated protein
Q9H190,SDCBP2,0.4400134875891744,medium,suprabasal keratinocytes,False,False,not in a druggable class - low priority,False,False,Predicted intracellular proteins,Syndecan binding protein 2
Q6IAA8,LAMTOR1,0.4399825408796372,medium,fibroblasts,False,False,not in a druggable class - low priority,False,False,Predicted intracellular proteins,"Late endosomal/lysosomal adaptor, MAPK and MTOR activator 1"
Q13751,LAMB3,0.4399087693779414,medium,basal keratinocytes,False,False,not in a druggable class - low priority,False,False,"Disease related genes, Human disease related genes, Plasma proteins, Predicted intracellular proteins, Predicted secreted proteins",Laminin subunit beta 3
P61236,YPEL3,0.4396867154117068,medium,lymphatic endothelial cells,False,False,not in a druggable class - low priority,False,False,Predicted intracellular proteins,Yippee like 3
Q9H3L0,MMADHC,0.4396509115072913,medium,suprabasal keratinocytes,False,False,not in a druggable class - low priority,False,False,"Disease related genes, Human disease related genes, Predicted intracellular proteins",Metabolism of cobalamin associated D
P02462,COL4A1,0.4395102837136405,medium,fibroblasts,False,False,structural protein - skip,False,True,"Disease related genes, Human disease related genes, Predicted intracellular proteins, Predicted secreted proteins",Collagen type IV alpha 1 chain
Q9Y3B8,REXO2,0.4394787879458703,medium,melanocytes,False,False,not in a druggable class - low priority,False,False,Predicted intracellular proteins,RNA exonuclease 2
Q8TD16,BICD2,0.4394710625680764,medium,suprabasal keratinocytes,False,False,not in a druggable class - low priority,False,False,"Disease related genes, Human disease related genes, Predicted intracellular proteins",BICD cargo adaptor 2
Q5TCZ1,SH3PXD2A,0.4393336112401451,medium,basal keratinocytes,False,False,not in a druggable class - low priority,False,False,Predicted intracellular proteins,SH3 and PX domains 2A
Q2PPJ7,RALGAPA2,0.4392728355493278,medium,vascular endothelial cells,False,False,not in a druggable class - low priority,False,False,"Predicted intracellular proteins, Predicted membrane proteins, RAS pathway related proteins",Ral GTPase activating protein catalytic subunit alpha 2
Q9Y2L6,FRMD4B,0.439219494697868,medium,lymphatic endothelial cells,False,False,not in a druggable class - low priority,False,False,"Plasma proteins, Predicted intracellular proteins",FERM domain containing 4B
O60356,NUPR1,0.4391088829578704,medium,suprabasal keratinocytes,False,False,not in a druggable class - low priority,False,False,Predicted intracellular proteins,"Nuclear protein 1, transcriptional regulator"
Q9H0E2,TOLLIP,0.4388130092647256,medium,suprabasal keratinocytes,False,False,not in a druggable class - low priority,False,False,"Plasma proteins, Predicted intracellular proteins",Toll interacting protein
Q16649,NFIL3,0.4386505649763998,medium,fibroblasts,False,False,not in a druggable class - low priority,False,False,"Predicted intracellular proteins, Transcription factors","Nuclear factor, interleukin 3 regulated"
Q15121,PEA15,0.4385828357574748,medium,lymphatic endothelial cells,False,False,not in a druggable class - low priority,False,False,"Plasma proteins, Predicted intracellular proteins",Proliferation and apoptosis adaptor protein 15
O00212,RHOD,0.4384660073295826,medium,suprabasal keratinocytes,False,False,not in a druggable class - low priority,False,False,Predicted intracellular proteins,Ras homolog family member D
P14543,NID1,0.4383532928592563,medium,fibroblasts,False,False,not in a druggable class - low priority,False,False,"Plasma proteins, Predicted secreted proteins",Nidogen 1
Q92692,NECTIN2,0.438298784954039,medium,suprabasal keratinocytes,False,False,not in a druggable class - low priority,False,False,"CD markers, Plasma proteins, Predicted intracellular proteins, Predicted membrane proteins",Nectin cell adhesion molecule 2
Q6NXG1,ESRP1,0.4381541053258027,medium,suprabasal keratinocytes,False,False,not in a druggable class - low priority,False,False,"Disease related genes, Human disease related genes, Predicted intracellular proteins",Epithelial splicing regulatory protein 1
Q9UM63,PLAGL1,0.4381499104836722,medium,fibroblasts,False,False,not in a druggable class - low priority,False,False,"Disease related genes, Human disease related genes, Predicted intracellular proteins, Transcription factors",PLAG1 like zinc finger 1
Q7Z2X4,PID1,0.438087250234452,medium,fibroblasts,False,False,not in a druggable class - low priority,False,False,Predicted intracellular proteins,Phosphotyrosine interaction domain containing 1
Q9P0V9,SEPTIN10,0.4377776170331153,medium,suprabasal keratinocytes,False,False,not in a druggable class - low priority,False,False,Predicted intracellular proteins,Septin 10
Q14061,COX17,0.4377093466633732,medium,melanocytes,False,False,not in a druggable class - low priority,False,False,"Cancer-related genes, Essential proteins, Predicted intracellular proteins",Cytochrome c oxidase copper chaperone COX17
Q14201,BTG3,0.4371704258737706,medium,basal keratinocytes,False,False,not in a druggable class - low priority,False,False,Predicted intracellular proteins,BTG anti-proliferation factor 3
Q9NR46,SH3GLB2,0.4371554716094393,medium,suprabasal keratinocytes,False,False,not in a druggable class - low priority,False,False,Predicted intracellular proteins,"SH3 domain containing GRB2 like, endophilin B2"
O00409,FOXN3,0.437067177055483,medium,suprabasal keratinocytes,False,False,not in a druggable class - low priority,False,False,"Predicted intracellular proteins, Transcription factors",Forkhead box N3
Q02952,AKAP12,0.4370337761534953,medium,lymphatic endothelial cells,False,False,not in a druggable class - low priority,False,False,"Cancer-related genes, Plasma proteins, Predicted intracellular proteins",A-kinase anchoring protein 12
Q5T751,LCE1C,0.4369441962398653,medium,basal keratinocytes,False,False,not in a druggable class - low priority,False,False,Predicted intracellular proteins,Late cornified envelope 1C
Q12802,AKAP13,0.4368473772664989,medium,suprabasal keratinocytes,False,False,not in a druggable class - low priority,False,False,"Plasma proteins, Predicted intracellular proteins",A-kinase anchoring protein 13
Q92982,NINJ1,0.4367373655425241,medium,melanocytes,False,False,not in a druggable class - low priority,False,False,Predicted membrane proteins,Ninjurin 1
P62308,SNRPG,0.4367334890124559,medium,basal keratinocytes,False,False,not in a druggable class - low priority,False,False,"Essential proteins, Predicted intracellular proteins",Small nuclear ribonucleoprotein polypeptide G
O60613,SELENOF,0.4367034555793536,medium,fibroblasts,False,False,not in a druggable class - low priority,False,False,"Plasma proteins, Predicted intracellular proteins",Selenoprotein F
Q9Y2H0,DLGAP4,0.4366598433624777,medium,suprabasal keratinocytes,False,False,not in a druggable class - low priority,False,False,Predicted intracellular proteins,DLG associated protein 4
Q8TE85,GRHL3,0.4364872170308876,medium,suprabasal keratinocytes,False,False,not in a druggable class - low priority,False,False,"Disease related genes, Human disease related genes, Predicted intracellular proteins, Transcription factors",Grainyhead like transcription factor 3
Q05519,SRSF11,0.4364457186709567,medium,basal keratinocytes,False,False,not in a druggable class - low priority,False,False,"Essential proteins, Plasma proteins, Predicted intracellular proteins",Serine and arginine rich splicing factor 11
Q9UMX5,NENF,0.4362710955653485,medium,fibroblasts,False,False,not in a druggable class - low priority,False,False,"Plasma proteins, Predicted secreted proteins",Neudesin neurotrophic factor
Q9NX31,OSER1,0.4362640062472657,medium,basal keratinocytes,False,False,not in a druggable class - low priority,False,False,Predicted intracellular proteins,Oxidative stress responsive serine rich 1
Q8NFD5,ARID1B,0.4362217560843374,medium,melanocytes,False,False,not in a druggable class - low priority,False,False,"Cancer-related genes, Disease related genes, Human disease related genes, Predicted intracellular proteins, Transcription factors",AT-rich interaction domain 1B
Q15797,SMAD1,0.4360014338957567,medium,lymphatic endothelial cells,False,False,not in a druggable class - low priority,False,False,"Cancer-related genes, Disease related genes, Predicted intracellular proteins, Transcription factors",SMAD family member 1
Q86WP2,GPBP1,0.4359808772375879,medium,basal keratinocytes,False,False,not in a druggable class - low priority,False,False,Predicted intracellular proteins,GC-rich promoter binding protein 1
O95377,GJB5,0.4358750339944457,medium,suprabasal keratinocytes,False,False,not in a druggable class - low priority,False,False,"Cancer-related genes, Predicted membrane proteins",Gap junction protein beta 5
P54725,RAD23A,0.4358109802678649,medium,suprabasal keratinocytes,False,False,not in a druggable class - low priority,False,False,"Cancer-related genes, Predicted intracellular proteins","RAD23 homolog A, nucleotide excision repair protein"
P57086,SCAND1,0.435757059849544,medium,suprabasal keratinocytes,False,False,not in a druggable class - low priority,False,False,"Plasma proteins, Predicted intracellular proteins",SCAN domain containing 1
Q13595,TRA2A,0.4357494521296653,medium,suprabasal keratinocytes,False,False,not in a druggable class - low priority,False,False,Predicted intracellular proteins,Transformer 2 alpha homolog
Q8WX93,PALLD,0.4357480138029779,medium,fibroblasts,False,False,not in a druggable class - low priority,False,False,"Disease related genes, Human disease related genes, Predicted intracellular proteins","Palladin, cytoskeletal associated protein"
O94985,CLSTN1,0.4356258926260585,medium,basal keratinocytes,False,False,not in a druggable class - low priority,False,False,"Cancer-related genes, Plasma proteins, Predicted membrane proteins",Calsyntenin 1
Q96CT7,CCDC124,0.4353280986138614,medium,suprabasal keratinocytes,False,False,not in a druggable class - low priority,False,False,Predicted intracellular proteins,Coiled-coil domain containing 124
Q14494,NFE2L1,0.4351758710466074,medium,lymphatic endothelial cells,False,False,not in a druggable class - low priority,False,False,"Plasma proteins, Predicted intracellular proteins, Transcription factors",NFE2 like bZIP transcription factor 1
Q9UNF1,MAGED2,0.4351536331357628,medium,melanocytes,False,False,not in a druggable class - low priority,False,False,"Cancer-related genes, Disease related genes, Human disease related genes, Plasma proteins, Predicted intracellular proteins",MAGE family member D2
O60315,ZEB2,0.435063851725065,medium,melanocytes,False,False,not in a druggable class - low priority,False,False,"Disease related genes, Human disease related genes, Predicted intracellular proteins, Transcription factors",Zinc finger E-box binding homeobox 2
Q3KQU3,MAP7D1,0.4350478223331979,medium,suprabasal keratinocytes,False,False,not in a druggable class - low priority,False,False,Predicted intracellular proteins,MAP7 domain containing 1
P61952,GNG11,0.4349837622857473,medium,lymphatic endothelial cells,False,False,not in a druggable class - low priority,False,False,"Predicted intracellular proteins, RAS pathway related proteins",G protein subunit gamma 11
Q6P582,MZT2A,0.4349064217392177,medium,suprabasal keratinocytes,False,False,not in a druggable class - low priority,False,False,"Essential proteins, Predicted intracellular proteins",Mitotic spindle organizing protein 2A
Q969H8,MYDGF,0.4348756557814517,medium,fibroblasts,False,False,not in a druggable class - low priority,False,False,"Plasma proteins, Predicted intracellular proteins, Predicted secreted proteins",Myeloid derived growth factor
O94832,MYO1D,0.4347852607119551,medium,lymphatic endothelial cells,False,False,not in a druggable class - low priority,False,False,"Plasma proteins, Predicted intracellular proteins",Myosin ID
Q7Z5L7,PODN,0.4346763814983349,medium,fibroblasts,False,False,not in a druggable class - low priority,False,False,"Predicted intracellular proteins, Predicted secreted proteins",Podocan
P43034,PAFAH1B1,0.4341879349594199,medium,suprabasal keratinocytes,False,False,not in a druggable class - low priority,False,False,"Disease related genes, Essential proteins, Human disease related genes, Metabolic proteins, Plasma proteins, Predicted intracellular proteins",Platelet activating factor acetylhydrolase 1b regulatory subunit 1
Q6P1L8,MRPL14,0.4341768549417251,medium,suprabasal keratinocytes,False,False,not in a druggable class - low priority,False,False,"Predicted intracellular proteins, Ribosomal proteins",Mitochondrial ribosomal protein L14
Q9P1Z2,CALCOCO1,0.4341598844242533,medium,lymphatic endothelial cells,False,False,not in a druggable class - low priority,False,False,Predicted intracellular proteins,Calcium binding and coiled-coil domain 1
Q9UGK3,STAP2,0.4341550499873057,medium,suprabasal keratinocytes,False,False,not in a druggable class - low priority,False,False,Predicted intracellular proteins,Signal transducing adaptor family member 2
Q6UWK7,GPR15LG,0.4340309351547796,medium,suprabasal keratinocytes,False,False,not in a druggable class - low priority,False,False,Predicted secreted proteins,G protein-coupled receptor 15 ligand
P08651,NFIC,0.4339886016413505,medium,fibroblasts,False,False,not in a druggable class - low priority,False,False,"Predicted intracellular proteins, Transcription factors",Nuclear factor I C
Q99985,SEMA3C,0.4338457353493616,medium,melanocytes,False,False,not in a druggable class - low priority,False,False,Predicted secreted proteins,Semaphorin 3C
Q92802,N4BP2L2,0.4337966967488987,medium,lymphatic endothelial cells,False,False,not in a druggable class - low priority,False,False,"Predicted intracellular proteins, Predicted membrane proteins",NEDD4 binding protein 2 like 2
Q71UI9,H2AZ2,0.4336087566992372,medium,basal keratinocytes,False,False,structural protein - skip,False,True,Predicted intracellular proteins,H2A.Z variant histone 2
Q8WU90,ZC3H15,0.4335754711347649,medium,suprabasal keratinocytes,False,False,not in a druggable class - low priority,False,False,Predicted intracellular proteins,Zinc finger CCCH-type containing 15
Q9UEY8,ADD3,0.4335012167299748,medium,lymphatic endothelial cells,False,False,not in a druggable class - low priority,False,False,"Disease related genes, Human disease related genes, Predicted intracellular proteins",Adducin 3
Q9BPZ3,PAIP2,0.4334601362495161,medium,suprabasal keratinocytes,False,False,not in a druggable class - low priority,False,False,Predicted intracellular proteins,Poly(A) binding protein interacting protein 2
P62079,TSPAN5,0.4330823630975805,medium,lymphatic endothelial cells,False,False,not in a druggable class - low priority,False,False,Predicted membrane proteins,Tetraspanin 5
Q96QZ7,MAGI1,0.4330736747156672,medium,lymphatic endothelial cells,False,False,not in a druggable class - low priority,False,False,"Cancer-related genes, Plasma proteins, Predicted intracellular proteins","Membrane associated guanylate kinase, WW and PDZ domain containing 1"
Q9BT30,ALKBH7,0.432834424979701,medium,suprabasal keratinocytes,False,False,not in a druggable class - low priority,False,False,Predicted intracellular proteins,AlkB homolog 7
Q8N0T1,RBIS,0.4327712400983177,medium,suprabasal keratinocytes,False,False,not in a druggable class - low priority,False,False,Predicted intracellular proteins,Ribosomal biogenesis factor
P55196,AFDN,0.4327648153942787,medium,suprabasal keratinocytes,False,False,not in a druggable class - low priority,False,False,"Cancer-related genes, Disease related genes, Plasma proteins, Predicted intracellular proteins, RAS pathway related proteins","Afadin, adherens junction formation factor"
Q9NS93,TM7SF3,0.4326025577626539,medium,melanocytes,False,False,not in a druggable class - low priority,False,False,"Predicted intracellular proteins, Predicted membrane proteins",Transmembrane 7 superfamily member 3
P47928,ID4,0.4325696390096169,medium,melanocytes,False,False,not in a druggable class - low priority,False,False,"Predicted intracellular proteins, Transcription factors",Inhibitor of DNA binding 4
Q5T686,AVPI1,0.4324738427617721,medium,basal keratinocytes,False,False,not in a druggable class - low priority,False,False,Predicted intracellular proteins,Arginine vasopressin induced 1
Q96HL8,SH3YL1,0.4322017609024051,medium,suprabasal keratinocytes,False,False,not in a druggable class - low priority,False,False,Predicted intracellular proteins,SH3 and SYLF domain containing 1
O14817,TSPAN4,0.432102782159377,medium,melanocytes,False,False,not in a druggable class - low priority,False,False,Predicted membrane proteins,Tetraspanin 4
Q9H1H9,KIF13A,0.4320571190707903,medium,basal keratinocytes,False,False,not in a druggable class - low priority,False,False,Predicted intracellular proteins,Kinesin family member 13A
Q8IWB1,ITPRIP,0.4320011771524681,medium,suprabasal keratinocytes,False,False,not in a druggable class - low priority,False,False,Predicted membrane proteins,"Inositol 1,4,5-trisphosphate receptor interacting protein"
Q9Y5J9,TIMM8B,0.4319242312145844,medium,suprabasal keratinocytes,False,False,not in a druggable class - low priority,False,False,Predicted intracellular proteins,Translocase of inner mitochondrial membrane 8 homolog B
Q9NZ09,UBAP1,0.4316717900610103,medium,suprabasal keratinocytes,False,False,not in a druggable class - low priority,False,False,"Disease related genes, Essential proteins, Human disease related genes, Predicted intracellular proteins",Ubiquitin associated protein 1
Q92882,OSTF1,0.4312980903300543,medium,suprabasal keratinocytes,False,False,not in a druggable class - low priority,False,False,Predicted intracellular proteins,Osteoclast stimulating factor 1
O43759,SYNGR1,0.4312301148846461,medium,melanocytes,False,False,not in a druggable class - low priority,False,False,Predicted membrane proteins,Synaptogyrin 1
P02686,MBP,0.4312174304679432,medium,melanocytes,False,False,not in a druggable class - low priority,False,False,"Candidate cardiovascular disease genes, Disease related genes, Plasma proteins, Predicted intracellular proteins",Myelin basic protein
O76021,RSL1D1,0.4310694720040355,medium,basal keratinocytes,False,False,not in a druggable class - low priority,False,False,"Essential proteins, Predicted intracellular proteins, Ribosomal proteins",Ribosomal L1 domain containing 1
Q6FIF0,ZFAND6,0.4309889784322644,medium,suprabasal keratinocytes,False,False,not in a druggable class - low priority,False,False,Predicted intracellular proteins,Zinc finger AN1-type containing 6
P63218,GNG5,0.4306489432557994,medium,suprabasal keratinocytes,False,False,not in a druggable class - low priority,False,False,"Predicted intracellular proteins, RAS pathway related proteins",G protein subunit gamma 5
Q14185,DOCK1,0.4305122665908959,medium,vascular endothelial cells,False,False,not in a druggable class - low priority,False,False,"Plasma proteins, Predicted intracellular proteins",Dedicator of cytokinesis 1
P78504,JAG1,0.4304686233019077,medium,basal keratinocytes,False,False,not in a druggable class - low priority,False,False,"CD markers, Disease related genes, Human disease related genes, Plasma proteins, Predicted intracellular proteins, Predicted membrane proteins",Jagged canonical Notch ligand 1
A6ZKI3,RTL8C,0.4304465897552109,medium,fibroblasts,False,False,not in a druggable class - low priority,False,False,Predicted intracellular proteins,Retrotransposon Gag like 8C
Q00765,REEP5,0.4304434136462075,medium,fibroblasts,False,False,not in a druggable class - low priority,False,False,Predicted membrane proteins,Receptor accessory protein 5
Q9HD67,MYO10,0.430310467283806,medium,melanocytes,False,False,not in a druggable class - low priority,False,False,"Plasma proteins, Predicted intracellular proteins",Myosin X
Q92734,TFG,0.430305112111622,medium,suprabasal keratinocytes,False,False,not in a druggable class - low priority,False,False,"Cancer-related genes, Disease related genes, Human disease related genes, Predicted intracellular proteins, Predicted membrane proteins",Trafficking from ER to golgi regulator
P52797,EFNA3,0.4302620809520345,medium,suprabasal keratinocytes,False,False,not in a druggable class - low priority,False,False,"Essential proteins, Predicted membrane proteins, RAS pathway related proteins",Ephrin A3
Q86V15,CASZ1,0.4300687441427343,medium,suprabasal keratinocytes,False,False,not in a druggable class - low priority,False,False,"Predicted intracellular proteins, Transcription factors",Castor zinc finger 1
O60271,SPAG9,0.4298980399525564,medium,suprabasal keratinocytes,False,False,not in a druggable class - low priority,False,False,"Plasma proteins, Predicted intracellular proteins, Predicted membrane proteins",Sperm associated antigen 9
P61218,POLR2F,0.4296775595468836,medium,melanocytes,False,False,not in a druggable class - low priority,False,False,"Essential proteins, Metabolic proteins, Predicted intracellular proteins, RNA polymerase related proteins","RNA polymerase II, I and III subunit F"
O60248,SOX15,0.4295420504278684,medium,basal keratinocytes,False,False,not in a druggable class - low priority,False,False,"Predicted intracellular proteins, Transcription factors",SRY-box transcription factor 15
Q99590,SCAF11,0.4293425127636592,medium,basal keratinocytes,False,False,not in a druggable class - low priority,False,False,"Predicted intracellular proteins, Predicted membrane proteins",SR-related CTD associated factor 11
Q9Y2R0,COA3,0.4292511441572016,medium,suprabasal keratinocytes,False,False,not in a druggable class - low priority,False,False,"Disease related genes, Human disease related genes, Predicted membrane proteins",Cytochrome c oxidase assembly factor 3
Q9NRN5,OLFML3,0.4291657005151765,medium,fibroblasts,False,False,not in a druggable class - low priority,False,False,"Predicted intracellular proteins, Predicted secreted proteins",Olfactomedin like 3
O15231,ZNF185,0.4291238509249071,medium,suprabasal keratinocytes,False,False,not in a druggable class - low priority,False,False,"Plasma proteins, Predicted intracellular proteins",Zinc finger protein 185 with LIM domain
Q9NP72,RAB18,0.4290544676252579,medium,suprabasal keratinocytes,False,False,not in a druggable class - low priority,False,False,"Cancer-related genes, Disease related genes, Human disease related genes, Predicted intracellular proteins","RAB18, member RAS oncogene family"
P81877,SSBP2,0.4288752080283576,medium,fibroblasts,False,False,not in a druggable class - low priority,False,False,"Predicted intracellular proteins, Predicted membrane proteins",Single stranded DNA binding protein 2
Q16787,LAMA3,0.4286776279914917,medium,basal keratinocytes,False,False,not in a druggable class - low priority,False,False,"Disease related genes, Human disease related genes, Predicted intracellular proteins, Predicted secreted proteins",Laminin subunit alpha 3
P83876,TXNL4A,0.4286634294007538,medium,suprabasal keratinocytes,False,False,not in a druggable class - low priority,False,False,"Disease related genes, Essential proteins, Human disease related genes, Predicted intracellular proteins",Thioredoxin like 4A
Q8WUZ0,BCL7C,0.4283461277986399,medium,lymphatic endothelial cells,False,False,not in a druggable class - low priority,False,False,Predicted intracellular proteins,BAF chromatin remodeling complex subunit BCL7C
Q02388,COL7A1,0.4283071612558316,medium,basal keratinocytes,False,False,structural protein - skip,False,True,"Disease related genes, Human disease related genes, Predicted intracellular proteins, Predicted secreted proteins",Collagen type VII alpha 1 chain
Q14511,NEDD9,0.4282343732384129,medium,vascular endothelial cells,False,False,not in a druggable class - low priority,False,False,"Plasma proteins, Predicted intracellular proteins","Neural precursor cell expressed, developmentally down-regulated 9"
Q9BYG4,PARD6G,0.4279503511662353,medium,lymphatic endothelial cells,False,False,not in a druggable class - low priority,False,False,Predicted intracellular proteins,Par-6 family cell polarity regulator gamma
Q53GA4,PHLDA2,0.4277735169395468,medium,suprabasal keratinocytes,False,False,not in a druggable class - low priority,False,False,Predicted intracellular proteins,Pleckstrin homology like domain family A member 2
Q13362,PPP2R5C,0.4276860643673574,medium,suprabasal keratinocytes,False,False,not in a druggable class - low priority,False,False,Predicted intracellular proteins,Protein phosphatase 2 regulatory subunit B'gamma
Q5T2T1,MPP7,0.4276360423074105,medium,lymphatic endothelial cells,False,False,not in a druggable class - low priority,False,False,Predicted intracellular proteins,MAGUK p55 scaffold protein 7
P63172,DYNLT1,0.4272985077281448,medium,suprabasal keratinocytes,False,False,not in a druggable class - low priority,False,False,Predicted intracellular proteins,Dynein light chain Tctex-type 1
Q9NXU5,ARL15,0.4272898438391556,medium,vascular endothelial cells,False,False,not in a druggable class - low priority,False,False,Predicted intracellular proteins,ADP ribosylation factor like GTPase 15
P15529,CD46,0.4271847952668456,medium,vascular endothelial cells,False,False,not in a druggable class - low priority,False,False,"Cancer-related genes, CD markers, Disease related genes, Human disease related genes, Plasma proteins, Predicted intracellular proteins, Predicted membrane proteins",CD46 molecule
Q9H6S3,EPS8L2,0.4271367672802124,medium,suprabasal keratinocytes,False,False,not in a druggable class - low priority,False,False,"Disease related genes, Human disease related genes, Predicted intracellular proteins",EPS8 like 2
O15304,SIVA1,0.426964783485507,medium,basal keratinocytes,False,False,not in a druggable class - low priority,False,False,Predicted intracellular proteins,SIVA1 apoptosis inducing factor
Q15853,USF2,0.426960122556608,medium,melanocytes,False,False,not in a druggable class - low priority,False,False,"Predicted intracellular proteins, Transcription factors","Upstream transcription factor 2, c-fos interacting"
Q9NRV9,HEBP1,0.4268768586194345,medium,lymphatic endothelial cells,False,False,not in a druggable class - low priority,False,False,Predicted intracellular proteins,Heme binding protein 1
Q9NR80,ARHGEF4,0.4268002050207541,medium,suprabasal keratinocytes,False,False,not in a druggable class - low priority,False,False,"Plasma proteins, Predicted intracellular proteins",Rho guanine nucleotide exchange factor 4
Q71F56,MED13L,0.4265700241565014,medium,vascular endothelial cells,False,False,not in a druggable class - low priority,False,False,"Disease related genes, Human disease related genes, Predicted intracellular proteins",Mediator complex subunit 13L
Q9C002,C15orf48,0.4265420881728773,medium,suprabasal keratinocytes,False,False,not in a druggable class - low priority,False,False,Predicted intracellular proteins,Chromosome 15 open reading frame 48
Q9GZU0,C6orf62,0.4264359351881698,medium,vascular endothelial cells,False,False,not in a druggable class - low priority,False,False,Predicted intracellular proteins,Chromosome 6 open reading frame 62
Q68D51,DENND2C,0.426416800988071,medium,suprabasal keratinocytes,False,False,not in a druggable class - low priority,False,False,Predicted intracellular proteins,DENN domain containing 2C
P58658,EVA1C,0.4263797510686777,medium,vascular endothelial cells,False,False,not in a druggable class - low priority,False,False,"Predicted intracellular proteins, Predicted membrane proteins",Eva-1 homolog C
P54821,PRRX1,0.426377155458432,medium,fibroblasts,False,False,not in a druggable class - low priority,False,False,"Cancer-related genes, Disease related genes, Human disease related genes, Predicted intracellular proteins, Transcription factors",Paired related homeobox 1
O60504,SORBS3,0.4262485688973177,medium,lymphatic endothelial cells,False,False,not in a druggable class - low priority,False,False,"Plasma proteins, Predicted intracellular proteins",Sorbin and SH3 domain containing 3
Q8WYQ3,CHCHD10,0.4260550589408531,medium,suprabasal keratinocytes,False,False,not in a druggable class - low priority,False,False,"Disease related genes, Human disease related genes, Predicted intracellular proteins",Coiled-coil-helix-coiled-coil-helix domain containing 10
P0DP25,CALM3,0.4260109208283328,medium,melanocytes,False,False,not in a druggable class - low priority,False,False,"Disease related genes, Human disease related genes, Metabolic proteins, Predicted intracellular proteins, RAS pathway related proteins",Calmodulin 3
Q9HBL0,TNS1,0.4257571844211558,medium,lymphatic endothelial cells,False,False,not in a druggable class - low priority,False,False,"Plasma proteins, Predicted intracellular proteins",Tensin 1
P49703,ARL4D,0.425699163720358,medium,suprabasal keratinocytes,False,False,not in a druggable class - low priority,False,False,Predicted intracellular proteins,ADP ribosylation factor like GTPase 4D
O75094,SLIT3,0.4256427621512939,medium,fibroblasts,False,False,not in a druggable class - low priority,False,False,"Predicted intracellular proteins, Predicted secreted proteins",Slit guidance ligand 3
P82921,MRPS21,0.4256304172923952,medium,suprabasal keratinocytes,False,False,not in a druggable class - low priority,False,False,"Essential proteins, Predicted intracellular proteins, Ribosomal proteins",Mitochondrial ribosomal protein S21
O95926,SYF2,0.4256262799617946,medium,basal keratinocytes,False,False,not in a druggable class - low priority,False,False,"Essential proteins, Predicted intracellular proteins",SYF2 pre-mRNA splicing factor
O60739,EIF1B,0.4256236232845963,medium,melanocytes,False,False,not in a druggable class - low priority,False,False,Predicted intracellular proteins,Eukaryotic translation initiation factor 1B
Q9BYD3,MRPL4,0.425589795877957,medium,suprabasal keratinocytes,False,False,not in a druggable class - low priority,False,False,"Essential proteins, Predicted intracellular proteins, Ribosomal proteins",Mitochondrial ribosomal protein L4
Q07654,TFF3,0.4254142441862962,medium,lymphatic endothelial cells,False,False,not in a druggable class - low priority,False,False,"Cancer-related genes, Plasma proteins, Predicted intracellular proteins, Predicted secreted proteins",Trefoil factor 3
P55145,MANF,0.4253852748534936,medium,suprabasal keratinocytes,False,False,not in a druggable class - low priority,False,False,"Plasma proteins, Predicted secreted proteins",Mesencephalic astrocyte derived neurotrophic factor
B3EWG3,FAM25A,0.425309365005711,medium,suprabasal keratinocytes,False,False,not in a druggable class - low priority,False,False,Predicted intracellular proteins,Family with sequence similarity 25 member A
Q13685,AAMP,0.4252771628933629,medium,suprabasal keratinocytes,False,False,not in a druggable class - low priority,False,False,"Essential proteins, Plasma proteins, Predicted intracellular proteins",Angio associated migratory cell protein
Q14155,ARHGEF7,0.4251956078545108,medium,lymphatic endothelial cells,False,False,not in a druggable class - low priority,False,False,Predicted intracellular proteins,Rho guanine nucleotide exchange factor 7
Q9P206,KIAA1522,0.42509444945085,medium,suprabasal keratinocytes,False,False,not in a druggable class - low priority,False,False,Predicted intracellular proteins,KIAA1522
P23497,SP100,0.4250693317785399,medium,vascular endothelial cells,False,False,not in a druggable class - low priority,False,False,"Predicted intracellular proteins, Transcription factors",SP100 nuclear antigen
P05452,CLEC3B,0.424946034778579,medium,vascular endothelial cells,False,False,not in a druggable class - low priority,False,False,"Cancer-related genes, Disease related genes, Plasma proteins, Predicted intracellular proteins, Predicted secreted proteins",C-type lectin domain family 3 member B
O95164,UBL3,0.4247301051669601,medium,melanocytes,False,False,not in a druggable class - low priority,False,False,Predicted intracellular proteins,Ubiquitin like 3
Q15545,TAF7,0.4246980859658675,medium,melanocytes,False,False,not in a druggable class - low priority,False,False,"Essential proteins, Predicted intracellular proteins",TATA-box binding protein associated factor 7
Q9Y5K8,ATP6V1D,0.4245195366576865,medium,suprabasal keratinocytes,False,False,not in a druggable class - low priority,False,False,"Essential proteins, Metabolic proteins, Predicted intracellular proteins",ATPase H+ transporting V1 subunit D
Q99569,PKP4,0.4245146445871843,medium,vascular endothelial cells,False,False,not in a druggable class - low priority,False,False,"Plasma proteins, Predicted intracellular proteins",Plakophilin 4
Q9UBG3,CRNN,0.4242350589466385,medium,suprabasal keratinocytes,False,False,not in a druggable class - low priority,False,False,"Disease related genes, Predicted intracellular proteins",Cornulin
Q9Y272,RASD1,0.4242230758699267,medium,fibroblasts,False,False,not in a druggable class - low priority,False,False,"Human disease related genes, Predicted intracellular proteins",Ras related dexamethasone induced 1
P48645,NMU,0.4241874870005691,medium,suprabasal keratinocytes,False,False,not in a druggable class - low priority,False,False,Predicted secreted proteins,Neuromedin U
O95997,PTTG1,0.4240920680370754,medium,basal keratinocytes,False,False,not in a druggable class - low priority,False,False,"Cancer-related genes, Essential proteins, Predicted intracellular proteins","PTTG1 regulator of sister chromatid separation, securin"
Q9UMQ3,BARX2,0.4240372552566526,medium,suprabasal keratinocytes,False,False,not in a druggable class - low priority,False,False,"Predicted intracellular proteins, Transcription factors",BARX homeobox 2
Q14135,VGLL4,0.4238785562524774,medium,vascular endothelial cells,False,False,not in a druggable class - low priority,False,False,Predicted intracellular proteins,Vestigial like family member 4
O15156,ZBTB7B,0.4237721260275184,medium,suprabasal keratinocytes,False,False,not in a druggable class - low priority,False,False,"Predicted intracellular proteins, Transcription factors",Zinc finger and BTB domain containing 7B
Q9Y6I7,WSB1,0.4237550613699509,medium,lymphatic endothelial cells,False,False,not in a druggable class - low priority,False,False,"Plasma proteins, Predicted intracellular proteins",WD repeat and SOCS box containing 1
Q9UHQ7,TCEAL9,0.4236526972234158,medium,fibroblasts,False,False,not in a druggable class - low priority,False,False,Predicted intracellular proteins,Transcription elongation factor A like 9
Q96PU8,QKI,0.423604887977014,medium,lymphatic endothelial cells,False,False,not in a druggable class - low priority,False,False,"Cancer-related genes, Predicted intracellular proteins","QKI, KH domain containing RNA binding"
Q15654,TRIP6,0.4235904602277435,medium,basal keratinocytes,False,False,not in a druggable class - low priority,False,False,Predicted intracellular proteins,Thyroid hormone receptor interactor 6
Q5JSZ5,PRRC2B,0.4235584249767188,medium,basal keratinocytes,False,False,not in a druggable class - low priority,False,False,"Plasma proteins, Predicted intracellular proteins",Proline rich coiled-coil 2B
Q6ZMJ2,SCARA5,0.4235039254895658,medium,fibroblasts,False,False,not in a druggable class - low priority,False,False,"Predicted intracellular proteins, Predicted membrane proteins",Scavenger receptor class A member 5
Q15700,DLG2,0.4231137581938045,medium,fibroblasts,False,False,not in a druggable class - low priority,False,False,Predicted intracellular proteins,Discs large MAGUK scaffold protein 2
Q7L099,RUFY3,0.4227607295701429,medium,melanocytes,False,False,not in a druggable class - low priority,False,False,Predicted intracellular proteins,RUN and FYVE domain containing 3
Q9BUD6,SPON2,0.422579380849124,medium,fibroblasts,False,False,not in a druggable class - low priority,False,False,"Plasma proteins, Predicted intracellular proteins, Predicted secreted proteins",Spondin 2
P52803,EFNA5,0.4224847621433675,medium,lymphatic endothelial cells,False,False,not in a druggable class - low priority,False,False,"Cancer-related genes, Predicted membrane proteins, RAS pathway related proteins",Ephrin A5
Q9ULH7,MRTFB,0.4222635632040782,medium,vascular endothelial cells,False,False,not in a druggable class - low priority,False,False,"Disease related genes, Predicted intracellular proteins",Myocardin related transcription factor B
P25490,YY1,0.4221752389119716,medium,basal keratinocytes,False,False,not in a druggable class - low priority,False,False,"Disease related genes, Essential proteins, Human disease related genes, Plasma proteins, Predicted intracellular proteins, Transcription factors",YY1 transcription factor
Q8WUD4,CCDC12,0.4221263303439543,medium,suprabasal keratinocytes,False,False,not in a druggable class - low priority,False,False,"Essential proteins, Predicted intracellular proteins",Coiled-coil domain containing 12
P10124,SRGN,0.4220719461684089,medium,vascular endothelial cells,False,False,not in a druggable class - low priority,False,False,"Plasma proteins, Predicted secreted proteins",Serglycin
Q5D1E8,ZC3H12A,0.4218803490170146,medium,suprabasal keratinocytes,False,False,not in a druggable class - low priority,False,False,"Disease related genes, Predicted intracellular proteins",Zinc finger CCCH-type containing 12A
P84157,MXRA7,0.4218516560024218,medium,fibroblasts,False,False,not in a druggable class - low priority,False,False,Predicted intracellular proteins,Matrix remodeling associated 7
Q7Z5Q1,CPEB2,0.4218060186967969,medium,melanocytes,False,False,not in a druggable class - low priority,False,False,Predicted intracellular proteins,Cytoplasmic polyadenylation element binding protein 2
Q8IXS6,PALM2AKAP2,0.4218032108758652,medium,vascular endothelial cells,False,False,not in a druggable class - low priority,False,False,Predicted intracellular proteins,PALM2 and AKAP2 fusion
Q9UK58,CCNL1,0.4216451683391257,medium,fibroblasts,False,False,not in a druggable class - low priority,False,False,"Essential proteins, Predicted intracellular proteins",Cyclin L1
Q16890,TPD52L1,0.4216330404167456,medium,vascular endothelial cells,False,False,not in a druggable class - low priority,False,False,"Plasma proteins, Predicted intracellular proteins",TPD52 like 1
Q9H6X2,ANTXR1,0.4215505676818381,medium,fibroblasts,False,False,not in a druggable class - low priority,False,False,"Disease related genes, Human disease related genes, Plasma proteins, Predicted intracellular proteins, Predicted membrane proteins",ANTXR cell adhesion molecule 1
Q9NPR2,SEMA4B,0.4214303815326267,medium,suprabasal keratinocytes,False,False,not in a druggable class - low priority,False,False,"Predicted intracellular proteins, Predicted membrane proteins",Semaphorin 4B
Q15438,CYTH1,0.4213313327467288,medium,vascular endothelial cells,False,False,not in a druggable class - low priority,False,False,"Plasma proteins, Predicted intracellular proteins",Cytohesin 1
O60245,PCDH7,0.4211731017425995,medium,basal keratinocytes,False,False,not in a druggable class - low priority,False,False,"Plasma proteins, Predicted intracellular proteins, Predicted membrane proteins",Protocadherin 7
Q8IXK0,PHC2,0.4211374445514109,medium,fibroblasts,False,False,not in a druggable class - low priority,False,False,Predicted intracellular proteins,Polyhomeotic homolog 2
O95969,SCGB1D2,0.4210549941364069,medium,lymphatic endothelial cells,False,False,not in a druggable class - low priority,False,False,"Cancer-related genes, Predicted secreted proteins",Secretoglobin family 1D member 2
Q9UKJ5,CHIC2,0.4210429554419087,medium,basal keratinocytes,False,False,not in a druggable class - low priority,False,False,"Disease related genes, Human disease related genes, Predicted intracellular proteins, Predicted membrane proteins",Cysteine rich hydrophobic domain 2
Q9BRK3,MXRA8,0.4207148526924767,medium,fibroblasts,False,False,not in a druggable class - low priority,False,False,Predicted membrane proteins,Matrix remodeling associated 8
Q9NWW0,HCFC1R1,0.4206082190148273,medium,fibroblasts,False,False,not in a druggable class - low priority,False,False,Predicted intracellular proteins,Host cell factor C1 regulator 1
Q13506,NAB1,0.4205915218525023,medium,basal keratinocytes,False,False,not in a druggable class - low priority,False,False,Predicted intracellular proteins,NGFI-A binding protein 1
Q9NZN8,CNOT2,0.4205121372819324,medium,suprabasal keratinocytes,False,False,not in a druggable class - low priority,False,False,"Disease related genes, Essential proteins, Human disease related genes, Predicted intracellular proteins",CCR4-NOT transcription complex subunit 2
P78318,IGBP1,0.4203945198366722,medium,suprabasal keratinocytes,False,False,not in a druggable class - low priority,False,False,"Disease related genes, Essential proteins, Human disease related genes, Predicted intracellular proteins",Immunoglobulin binding protein 1
Q9UJY1,HSPB8,0.4202882956415281,medium,basal keratinocytes,False,False,not in a druggable class - low priority,False,False,"Disease related genes, Human disease related genes, Predicted intracellular proteins",Heat shock protein family B (small) member 8
P49006,MARCKSL1,0.4200538220150153,medium,melanocytes,False,False,not in a druggable class - low priority,False,False,Predicted intracellular proteins,MARCKS like 1
O60861,GAS7,0.4199328548940715,medium,fibroblasts,False,False,not in a druggable class - low priority,False,False,"Cancer-related genes, Disease related genes, Predicted intracellular proteins",Growth arrest specific 7
O95379,TNFAIP8,0.4198029087816169,medium,basal keratinocytes,False,False,not in a druggable class - low priority,False,False,Predicted intracellular proteins,TNF alpha induced protein 8
Q9P2Q2,FRMD4A,0.4197344156854453,medium,melanocytes,False,False,not in a druggable class - low priority,False,False,"Disease related genes, Human disease related genes, Predicted intracellular proteins",FERM domain containing 4A
Q13491,GPM6B,0.4195901193837288,medium,melanocytes,False,False,not in a druggable class - low priority,False,False,Predicted membrane proteins,Glycoprotein M6B
P50479,PDLIM4,0.419335205317445,medium,basal keratinocytes,False,False,not in a druggable class - low priority,False,False,"Human disease related genes, Predicted intracellular proteins",PDZ and LIM domain 4
P52756,RBM5,0.4193075122822757,medium,vascular endothelial cells,False,False,not in a druggable class - low priority,False,False,Predicted intracellular proteins,RNA binding motif protein 5
P39880,CUX1,0.4192989727154428,medium,basal keratinocytes,False,False,not in a druggable class - low priority,False,False,"Cancer-related genes, Disease related genes, Predicted intracellular proteins, Predicted membrane proteins, Transcription factors",Cut like homeobox 1
Q9UPV9,TRAK1,0.4192054177483766,medium,basal keratinocytes,False,False,not in a druggable class - low priority,False,False,"Disease related genes, Human disease related genes, Predicted intracellular proteins",Trafficking kinesin protein 1
O75494,SRSF10,0.4192031144136895,medium,basal keratinocytes,False,False,not in a druggable class - low priority,False,False,"Essential proteins, Predicted intracellular proteins",Serine and arginine rich splicing factor 10
O43805,SSNA1,0.4191451119798313,medium,suprabasal keratinocytes,False,False,not in a druggable class - low priority,False,False,Predicted intracellular proteins,SS nuclear autoantigen 1
Q9NR31,SAR1A,0.4191124044374382,medium,suprabasal keratinocytes,False,False,not in a druggable class - low priority,False,False,"Plasma proteins, Predicted intracellular proteins",Secretion associated Ras related GTPase 1A
Q9HCU0,CD248,0.4190699773594626,medium,fibroblasts,False,False,not in a druggable class - low priority,False,False,"CD markers, Predicted membrane proteins",CD248 molecule
Q9NP84,TNFRSF12A,0.4190289710925838,medium,basal keratinocytes,False,False,not in a druggable class - low priority,False,False,"Cancer-related genes, CD markers, Predicted intracellular proteins, Predicted membrane proteins",TNF receptor superfamily member 12A
Q9UH65,SWAP70,0.4189837881459567,medium,vascular endothelial cells,False,False,not in a druggable class - low priority,False,False,Predicted intracellular proteins,Switching B cell complex subunit SWAP70
Q9P0M9,MRPL27,0.4187542790125855,medium,suprabasal keratinocytes,False,False,not in a druggable class - low priority,False,False,"Essential proteins, Plasma proteins, Predicted intracellular proteins, Ribosomal proteins",Mitochondrial ribosomal protein L27
Q6I9Y2,THOC7,0.4185539382213638,medium,suprabasal keratinocytes,False,False,not in a druggable class - low priority,False,False,"Essential proteins, Predicted intracellular proteins",THO complex subunit 7
P78539,SRPX,0.4184993188033586,medium,fibroblasts,False,False,not in a druggable class - low priority,False,False,"Plasma proteins, Predicted secreted proteins",Sushi repeat containing protein X-linked
Q9ULD2,MTUS1,0.4184891721534821,medium,lymphatic endothelial cells,False,False,not in a druggable class - low priority,False,False,"Disease related genes, Predicted intracellular proteins, Predicted membrane proteins",Microtubule associated scaffold protein 1
Q9P2X0,DPM3,0.4182912878446017,medium,melanocytes,False,False,not in a druggable class - low priority,False,False,"Disease related genes, Essential proteins, Human disease related genes, Metabolic proteins, Predicted membrane proteins","Dolichyl-phosphate mannosyltransferase subunit 3, regulatory"
Q9P0S3,ORMDL1,0.4181412172159129,medium,lymphatic endothelial cells,False,False,not in a druggable class - low priority,False,False,Predicted membrane proteins,ORMDL sphingolipid biosynthesis regulator 1
Q1HG43,DUOXA1,0.4180815422954149,medium,suprabasal keratinocytes,False,False,not in a druggable class - low priority,False,False,"Predicted intracellular proteins, Predicted membrane proteins",Dual oxidase maturation factor 1
Q14BN4,SLMAP,0.4179343584045956,medium,basal keratinocytes,False,False,not in a druggable class - low priority,False,False,"Predicted intracellular proteins, Predicted membrane proteins",Sarcolemma associated protein
Q8IYN6,UBALD2,0.4179217675188668,medium,suprabasal keratinocytes,False,False,not in a druggable class - low priority,False,False,Predicted intracellular proteins,UBA like domain containing 2
P62699,YPEL5,0.4178935084485441,medium,suprabasal keratinocytes,False,False,not in a druggable class - low priority,False,False,"Essential proteins, Predicted intracellular proteins",Yippee like 5
Q8N2U0,TMEM256,0.4178211108417748,medium,suprabasal keratinocytes,False,False,not in a druggable class - low priority,False,False,"Predicted intracellular proteins, Predicted membrane proteins",Transmembrane protein 256
Q8N128,FAM177A1,0.4175448065586926,medium,suprabasal keratinocytes,False,False,not in a druggable class - low priority,False,False,"Predicted intracellular proteins, Predicted secreted proteins",Family with sequence similarity 177 member A1
P25311,AZGP1,0.4175248736435459,medium,melanocytes,False,False,not in a druggable class - low priority,False,False,"Cancer-related genes, Plasma proteins, Predicted intracellular proteins, Predicted secreted proteins","Alpha-2-glycoprotein 1, zinc-binding"
Q0VAM2,RASGEF1B,0.4173015099006912,medium,basal keratinocytes,False,False,not in a druggable class - low priority,False,False,"Predicted intracellular proteins, Predicted membrane proteins",RasGEF domain family member 1B
Q15723,ELF2,0.4171708088156184,medium,vascular endothelial cells,False,False,not in a druggable class - low priority,False,False,"Predicted intracellular proteins, Transcription factors",E74 like ETS transcription factor 2
Q9Y2Q5,LAMTOR2,0.4170838640859245,medium,melanocytes,False,False,not in a druggable class - low priority,False,False,"Disease related genes, Essential proteins, Human disease related genes, Predicted intracellular proteins","Late endosomal/lysosomal adaptor, MAPK and MTOR activator 2"
Q99715,COL12A1,0.4170777296608969,medium,fibroblasts,False,False,structural protein - skip,False,True,"Disease related genes, Human disease related genes, Plasma proteins, Predicted intracellular proteins, Predicted secreted proteins",Collagen type XII alpha 1 chain
O43745,CHP2,0.4170551732747994,medium,suprabasal keratinocytes,False,False,not in a druggable class - low priority,False,False,"Cancer-related genes, Predicted intracellular proteins",Calcineurin like EF-hand protein 2
Q7Z794,KRT77,0.4170295389351677,medium,suprabasal keratinocytes,False,False,structural protein - skip,False,True,"Plasma proteins, Predicted intracellular proteins",Keratin 77
P82914,MRPS15,0.4167707088757595,medium,suprabasal keratinocytes,False,False,not in a druggable class - low priority,False,False,"Essential proteins, Predicted intracellular proteins, Ribosomal proteins",Mitochondrial ribosomal protein S15
Q9Y5J5,PHLDA3,0.4165562970741889,medium,suprabasal keratinocytes,False,False,not in a druggable class - low priority,False,False,Predicted intracellular proteins,Pleckstrin homology like domain family A member 3
Q9C0D5,TANC1,0.4164373425459233,medium,basal keratinocytes,False,False,not in a druggable class - low priority,False,False,Predicted intracellular proteins,"Tetratricopeptide repeat, ankyrin repeat and coiled-coil containing 1"
P49023,PXN,0.4164347701585409,medium,vascular endothelial cells,False,False,not in a druggable class - low priority,False,False,Predicted intracellular proteins,Paxillin
Q9NZU5,LMCD1,0.4162866374357269,medium,vascular endothelial cells,False,False,not in a druggable class - low priority,False,False,Predicted intracellular proteins,LIM and cysteine rich domains 1
Q92859,NEO1,0.4162322318938553,medium,melanocytes,False,False,not in a druggable class - low priority,False,False,"Cancer-related genes, Plasma proteins, Predicted membrane proteins",Neogenin 1
Q9Y6Y1,CAMTA1,0.4158726350214093,medium,basal keratinocytes,False,False,not in a druggable class - low priority,False,False,"Cancer-related genes, Disease related genes, Human disease related genes, Predicted intracellular proteins",Calmodulin binding transcription activator 1
Q9UKI2,CDC42EP3,0.4158217243858659,medium,melanocytes,False,False,not in a druggable class - low priority,False,False,Predicted intracellular proteins,CDC42 effector protein 3
P0DMV9,HSPA1B,0.4157851033979527,medium,vascular endothelial cells,False,False,not in a druggable class - low priority,False,False,Predicted intracellular proteins,Heat shock protein family A (Hsp70) member 1B
Q9HC44,GPBP1L1,0.4157095012720293,medium,basal keratinocytes,False,False,not in a druggable class - low priority,False,False,Predicted intracellular proteins,GC-rich promoter binding protein 1 like 1
Q9ULX9,MAFF,0.4156806480147087,medium,lymphatic endothelial cells,False,False,not in a druggable class - low priority,False,False,"Predicted intracellular proteins, Transcription factors",MAF bZIP transcription factor F
P49747,COMP,0.4155532620644012,medium,fibroblasts,False,False,not in a druggable class - low priority,False,False,"Disease related genes, Human disease related genes, Plasma proteins, Predicted intracellular proteins, Predicted secreted proteins",Cartilage oligomeric matrix protein
O60828,PQBP1,0.4154497453816261,medium,suprabasal keratinocytes,False,False,not in a druggable class - low priority,False,False,"Disease related genes, Human disease related genes, Predicted intracellular proteins",Polyglutamine binding protein 1
Q9BVP2,GNL3,0.4153662605628235,medium,basal keratinocytes,False,False,not in a druggable class - low priority,False,False,"Essential proteins, Predicted intracellular proteins",G protein nucleolar 3
Q99743,NPAS2,0.4153179271125127,medium,suprabasal keratinocytes,False,False,not in a druggable class - low priority,False,False,"Predicted intracellular proteins, Transcription factors",Neuronal PAS domain protein 2
P20036,HLA-DPA1,0.4152717971669605,medium,vascular endothelial cells,False,False,not in a druggable class - low priority,False,False,"Human disease related genes, Predicted intracellular proteins, Predicted membrane proteins","Major histocompatibility complex, class II, DP alpha 1"
P52435,POLR2J,0.4152632320445574,medium,suprabasal keratinocytes,False,False,not in a druggable class - low priority,False,False,"Metabolic proteins, Predicted intracellular proteins, RNA polymerase related proteins",RNA polymerase II subunit J
Q56P03,EAPP,0.4152405708235068,medium,melanocytes,False,False,not in a druggable class - low priority,False,False,"Essential proteins, Predicted intracellular proteins",E2F associated phosphoprotein
Q05DH4,FHIP1A,0.4152094893720074,medium,suprabasal keratinocytes,False,False,not in a druggable class - low priority,False,False,Predicted intracellular proteins,FHF complex subunit HOOK interacting protein 1A
P49005,POLD2,0.4152094418210666,medium,suprabasal keratinocytes,False,False,not in a druggable class - low priority,False,False,"Essential proteins, Metabolic proteins, Plasma proteins, Predicted intracellular proteins","DNA polymerase delta 2, accessory subunit"
Q92754,TFAP2C,0.4151476372104037,medium,basal keratinocytes,False,False,not in a druggable class - low priority,False,False,"Predicted intracellular proteins, Transcription factors",Transcription factor AP-2 gamma
A6ND36,FAM83G,0.4150974151161773,medium,suprabasal keratinocytes,False,False,not in a druggable class - low priority,False,False,Predicted intracellular proteins,Family with sequence similarity 83 member G
Q969G5,CAVIN3,0.41468075491322,medium,melanocytes,False,False,not in a druggable class - low priority,False,False,Predicted intracellular proteins,Caveolae associated protein 3
Q9BTA9,WAC,0.414616571322972,medium,suprabasal keratinocytes,False,False,not in a druggable class - low priority,False,False,"Disease related genes, Essential proteins, Human disease related genes, Predicted intracellular proteins, Predicted membrane proteins",WW domain containing adaptor with coiled-coil
A1A4S6,ARHGAP10,0.4145990237257705,medium,fibroblasts,False,False,not in a druggable class - low priority,False,False,Predicted intracellular proteins,Rho GTPase activating protein 10
Q04724,TLE1,0.4145110390305894,medium,melanocytes,False,False,not in a druggable class - low priority,False,False,Predicted intracellular proteins,"TLE family member 1, transcriptional corepressor"
Q9H446,RWDD1,0.4144037824439788,medium,melanocytes,False,False,not in a druggable class - low priority,False,False,Predicted intracellular proteins,RWD domain containing 1
P22223,CDH3,0.4144030176476315,medium,basal keratinocytes,False,False,not in a druggable class - low priority,False,False,"Disease related genes, Human disease related genes, Predicted intracellular proteins, Predicted membrane proteins",Cadherin 3
Q9BQ24,ZFYVE21,0.4143917031286889,medium,suprabasal keratinocytes,False,False,not in a druggable class - low priority,False,False,Predicted intracellular proteins,Zinc finger FYVE-type containing 21
Q9BZV1,UBXN6,0.414381561891478,medium,suprabasal keratinocytes,False,False,not in a druggable class - low priority,False,False,"Plasma proteins, Predicted intracellular proteins",UBX domain protein 6
Q9H8L6,MMRN2,0.4143042332404335,medium,vascular endothelial cells,False,False,not in a druggable class - low priority,False,False,"Plasma proteins, Predicted intracellular proteins, Predicted secreted proteins",Multimerin 2
Q969V6,MRTFA,0.4142159600779485,medium,basal keratinocytes,False,False,not in a druggable class - low priority,False,False,"Cancer-related genes, Disease related genes, Human disease related genes, Predicted intracellular proteins",Myocardin related transcription factor A
Q15424,SAFB,0.4141222652429447,medium,basal keratinocytes,False,False,not in a druggable class - low priority,False,False,"Plasma proteins, Predicted intracellular proteins",Scaffold attachment factor B
Q96NC0,ZMAT2,0.4140800345089977,medium,suprabasal keratinocytes,False,False,not in a druggable class - low priority,False,False,"Essential proteins, Predicted intracellular proteins",Zinc finger matrin-type 2
Q9Y394,DHRS7,0.4140645722419724,medium,melanocytes,False,False,not in a druggable class - low priority,False,False,Predicted intracellular proteins,Dehydrogenase/reductase 7
Q15041,ARL6IP1,0.4140433992139368,medium,lymphatic endothelial cells,False,False,not in a druggable class - low priority,False,False,"Disease related genes, Human disease related genes, Predicted intracellular proteins, Predicted membrane proteins",ADP ribosylation factor like GTPase 6 interacting protein 1
O94763,URI1,0.4139807617879991,medium,suprabasal keratinocytes,False,False,not in a druggable class - low priority,False,False,"Essential proteins, Predicted intracellular proteins",URI1 prefoldin like chaperone
Q9Y3I1,FBXO7,0.4137651554592913,medium,melanocytes,False,False,not in a druggable class - low priority,False,False,"Disease related genes, Human disease related genes, Predicted intracellular proteins",F-box protein 7
Q9Y6N7,ROBO1,0.413698116333912,medium,suprabasal keratinocytes,False,False,not in a druggable class - low priority,False,False,"Predicted intracellular proteins, Predicted membrane proteins",Roundabout guidance receptor 1
P36941,LTBR,0.4133185704373163,medium,suprabasal keratinocytes,False,False,not in a druggable class - low priority,False,False,"Cancer-related genes, Plasma proteins, Predicted intracellular proteins, Predicted membrane proteins",Lymphotoxin beta receptor
O43709,BUD23,0.4132470420165207,medium,suprabasal keratinocytes,False,False,not in a druggable class - low priority,False,False,"Disease related genes, Essential proteins, Human disease related genes, Predicted intracellular proteins",BUD23 rRNA methyltransferase and ribosome maturation factor
P49757,NUMB,0.4130021388582586,medium,lymphatic endothelial cells,False,False,not in a druggable class - low priority,False,False,"Cancer-related genes, Predicted intracellular proteins",NUMB endocytic adaptor protein
P41223,BUD31,0.4129445702691374,medium,suprabasal keratinocytes,False,False,not in a druggable class - low priority,False,False,"Essential proteins, Predicted intracellular proteins",BUD31 homolog
Q9ULC0,EMCN,0.412915247261184,medium,vascular endothelial cells,False,False,not in a druggable class - low priority,False,False,"Predicted intracellular proteins, Predicted membrane proteins",Endomucin
Q86Y82,STX12,0.4127579606187843,medium,suprabasal keratinocytes,False,False,not in a druggable class - low priority,False,False,"Predicted intracellular proteins, Predicted membrane proteins",Syntaxin 12
Q9NPJ4,PNRC2,0.4127141655120013,medium,basal keratinocytes,False,False,not in a druggable class - low priority,False,False,Predicted intracellular proteins,Proline rich nuclear receptor coactivator 2
O60216,RAD21,0.4127086212441518,medium,basal keratinocytes,False,False,not in a druggable class - low priority,False,False,"Cancer-related genes, Disease related genes, Essential proteins, Human disease related genes, Predicted intracellular proteins",RAD21 cohesin complex component
Q14678,KANK1,0.4126009836912515,medium,suprabasal keratinocytes,False,False,not in a druggable class - low priority,False,False,"Disease related genes, Human disease related genes, Plasma proteins, Predicted intracellular proteins",KN motif and ankyrin repeat domains 1
Q9Y4I1,MYO5A,0.4122412716050792,medium,melanocytes,False,False,not in a druggable class - low priority,False,False,"Cancer-related genes, Disease related genes, Human disease related genes, Plasma proteins, Predicted intracellular proteins, Predicted membrane proteins",Myosin VA
Q13637,RAB32,0.4122231674944085,medium,melanocytes,False,False,not in a druggable class - low priority,False,False,"Plasma proteins, Predicted intracellular proteins","RAB32, member RAS oncogene family"
Q8N668,COMMD1,0.4121875612619302,medium,suprabasal keratinocytes,False,False,not in a druggable class - low priority,False,False,Predicted intracellular proteins,Copper metabolism domain containing 1
Q8NI35,PATJ,0.4121164441203769,medium,suprabasal keratinocytes,False,False,not in a druggable class - low priority,False,False,Predicted intracellular proteins,PATJ crumbs cell polarity complex component
Q9H2C0,GAN,0.4120635120374961,medium,suprabasal keratinocytes,False,False,not in a druggable class - low priority,False,False,"Disease related genes, Human disease related genes, Plasma proteins, Predicted intracellular proteins",Gigaxonin
Q9UIV8,SERPINB13,0.4119525290131829,medium,suprabasal keratinocytes,False,False,not in a druggable class - low priority,False,False,"Cancer-related genes, Predicted intracellular proteins, Predicted membrane proteins",Serpin family B member 13
Q12929,EPS8,0.4117391688405791,medium,melanocytes,False,False,not in a druggable class - low priority,False,False,"Disease related genes, Human disease related genes, Plasma proteins, Predicted intracellular proteins",Epidermal growth factor receptor pathway substrate 8
P55290,CDH13,0.4117314894934905,medium,basal keratinocytes,False,False,not in a druggable class - low priority,False,False,"Plasma proteins, Predicted intracellular proteins",Cadherin 13
Q9P265,DIP2B,0.4116802631109402,medium,suprabasal keratinocytes,False,False,not in a druggable class - low priority,False,False,"Human disease related genes, Predicted intracellular proteins",Disco interacting protein 2 homolog B
P57729,RAB38,0.4115527295692175,medium,melanocytes,False,False,not in a druggable class - low priority,False,False,Predicted intracellular proteins,"RAB38, member RAS oncogene family"
P17900,GM2A,0.41153612387909,medium,suprabasal keratinocytes,False,False,not in a druggable class - low priority,False,False,"Disease related genes, Human disease related genes, Metabolic proteins, Plasma proteins, Predicted intracellular proteins",Ganglioside GM2 activator
Q9NYQ8,FAT2,0.4113974191487163,medium,suprabasal keratinocytes,False,False,not in a druggable class - low priority,False,False,"Disease related genes, Human disease related genes, Plasma proteins, Predicted membrane proteins",FAT atypical cadherin 2
A0A096LP01,SMIM26,0.4113801534141197,medium,suprabasal keratinocytes,False,False,not in a druggable class - low priority,False,False,Predicted membrane proteins,Small integral membrane protein 26
P35711,SOX5,0.4113548113118185,medium,melanocytes,False,False,not in a druggable class - low priority,False,False,"Disease related genes, Human disease related genes, Predicted intracellular proteins, Transcription factors",SRY-box transcription factor 5
Q8N114,SHISA5,0.4113237111844126,medium,vascular endothelial cells,False,False,not in a druggable class - low priority,False,False,"Predicted intracellular proteins, Predicted membrane proteins",Shisa family member 5
O15400,STX7,0.4112761724858574,medium,melanocytes,False,False,not in a druggable class - low priority,False,False,"Plasma proteins, Predicted intracellular proteins, Predicted membrane proteins",Syntaxin 7
Q6WKZ4,RAB11FIP1,0.4111556149929577,medium,suprabasal keratinocytes,False,False,not in a druggable class - low priority,False,False,Predicted intracellular proteins,RAB11 family interacting protein 1
Q9H5V8,CDCP1,0.4110813609542443,medium,basal keratinocytes,False,False,not in a druggable class - low priority,False,False,"CD markers, Predicted intracellular proteins, Predicted membrane proteins",CUB domain containing protein 1
A8MT69,CENPX,0.4109051383228713,medium,basal keratinocytes,False,False,not in a druggable class - low priority,False,False,Predicted intracellular proteins,Centromere protein X
Q9Y4Z0,LSM4,0.410763129419804,medium,basal keratinocytes,False,False,not in a druggable class - low priority,False,False,"Essential proteins, Predicted intracellular proteins","LSM4 homolog, U6 small nuclear RNA and mRNA degradation associated"
Q96S65,CSRNP1,0.4107531551601056,medium,vascular endothelial cells,False,False,not in a druggable class - low priority,False,False,"Predicted intracellular proteins, Transcription factors",Cysteine and serine rich nuclear protein 1
P27930,IL1R2,0.4107032005946587,medium,basal keratinocytes,False,False,not in a druggable class - low priority,False,False,"Cancer-related genes, CD markers, Plasma proteins, Predicted membrane proteins, Predicted secreted proteins",Interleukin 1 receptor type 2
Q8N983,MRPL43,0.4106927531100582,medium,suprabasal keratinocytes,False,False,not in a druggable class - low priority,False,False,"Essential proteins, Predicted intracellular proteins, Ribosomal proteins",Mitochondrial ribosomal protein L43
Q8NEV8,EXPH5,0.4106522047189049,medium,basal keratinocytes,False,False,not in a druggable class - low priority,False,False,"Disease related genes, Human disease related genes, Predicted intracellular proteins",Exophilin 5
Q93052,LPP,0.4106245534989632,medium,fibroblasts,False,False,not in a druggable class - low priority,False,False,"Cancer-related genes, Disease related genes, Human disease related genes, Plasma proteins, Predicted intracellular proteins",LIM domain containing preferred translocation partner in lipoma
Q12967,RALGDS,0.4105529297962562,medium,suprabasal keratinocytes,False,False,not in a druggable class - low priority,False,False,"Predicted intracellular proteins, RAS pathway related proteins",Ral guanine nucleotide dissociation stimulator
Q96RT1,ERBIN,0.4104356038710668,medium,melanocytes,False,False,not in a druggable class - low priority,False,False,Predicted intracellular proteins,Erbb2 interacting protein
Q96RK1,CITED4,0.4103410119309887,medium,suprabasal keratinocytes,False,False,not in a druggable class - low priority,False,False,"Essential proteins, Predicted intracellular proteins",Cbp/p300 interacting transactivator with Glu/Asp rich carboxy-terminal domain 4
Q9BQ48,MRPL34,0.4100817315040953,medium,suprabasal keratinocytes,False,False,not in a druggable class - low priority,False,False,"Essential proteins, Predicted intracellular proteins, Ribosomal proteins",Mitochondrial ribosomal protein L34
Q5MNZ6,WDR45B,0.410048278267048,medium,suprabasal keratinocytes,False,False,not in a druggable class - low priority,False,False,"Disease related genes, Human disease related genes, Predicted intracellular proteins",WD repeat domain 45B
Q7L523,RRAGA,0.4100275652777272,medium,fibroblasts,False,False,not in a druggable class - low priority,False,False,"Essential proteins, Predicted intracellular proteins",Ras related GTP binding A
O00339,MATN2,0.4099281685846365,medium,fibroblasts,False,False,not in a druggable class - low priority,False,False,"Predicted intracellular proteins, Predicted secreted proteins",Matrilin 2
O75044,SRGAP2,0.4097107858504804,medium,vascular endothelial cells,False,False,not in a druggable class - low priority,False,False,"Disease related genes, Predicted intracellular proteins",SLIT-ROBO Rho GTPase activating protein 2
P98172,EFNB1,0.4096984052499509,medium,basal keratinocytes,False,False,not in a druggable class - low priority,False,False,"Cancer-related genes, Disease related genes, Human disease related genes, Plasma proteins, Predicted membrane proteins",Ephrin B1
Q9NZZ3,CHMP5,0.4096961832310621,medium,suprabasal keratinocytes,False,False,not in a druggable class - low priority,False,False,"Plasma proteins, Predicted intracellular proteins",Charged multivesicular body protein 5
P17661,DES,0.4096269659934594,medium,fibroblasts,False,False,not in a druggable class - low priority,False,False,"Cancer-related genes, Disease related genes, Human disease related genes, Plasma proteins, Predicted intracellular proteins",Desmin
Q9Y3C1,NOP16,0.4095620878662196,medium,suprabasal keratinocytes,False,False,not in a druggable class - low priority,False,False,"Essential proteins, Predicted intracellular proteins",NOP16 nucleolar protein
Q8IWX5,SGPP2,0.4095283787897247,medium,suprabasal keratinocytes,False,False,not in a druggable class - low priority,False,False,"Metabolic proteins, Predicted membrane proteins",Sphingosine-1-phosphate phosphatase 2
Q86T20,SMIM29,0.4094537530032662,medium,melanocytes,False,False,not in a druggable class - low priority,False,False,"Predicted intracellular proteins, Predicted membrane proteins",Small integral membrane protein 29
Q9NXR5,ANKRD10,0.4093570862325018,medium,vascular endothelial cells,False,False,not in a druggable class - low priority,False,False,Predicted intracellular proteins,Ankyrin repeat domain 10
Q9NRR8,CDC42SE1,0.4092778455688369,medium,suprabasal keratinocytes,False,False,not in a druggable class - low priority,False,False,Predicted intracellular proteins,CDC42 small effector 1
Q8IZD2,KMT2E,0.4092412064241528,medium,vascular endothelial cells,False,False,not in a druggable class - low priority,False,False,"Disease related genes, Human disease related genes, Predicted intracellular proteins, Predicted membrane proteins",Lysine methyltransferase 2E (inactive)
Q719H9,KCTD1,0.409110527360582,medium,suprabasal keratinocytes,False,False,not in a druggable class - low priority,False,False,"Disease related genes, Predicted intracellular proteins",Potassium channel tetramerization domain containing 1
Q9Y3C5,RNF11,0.409027978572462,medium,suprabasal keratinocytes,False,False,not in a druggable class - low priority,False,False,Predicted intracellular proteins,Ring finger protein 11
Q99471,PFDN5,0.4090202355658466,medium,fibroblasts,False,False,not in a druggable class - low priority,False,False,"Essential proteins, Predicted intracellular proteins",Prefoldin subunit 5
Q9Y6Y0,IVNS1ABP,0.408992441682464,medium,basal keratinocytes,False,False,not in a druggable class - low priority,False,False,"Disease related genes, Human disease related genes, Predicted intracellular proteins",Influenza virus NS1A binding protein
Q8NBV8,SYT8,0.408752709513042,medium,basal keratinocytes,False,False,not in a druggable class - low priority,False,False,Predicted membrane proteins,Synaptotagmin 8
P10301,RRAS,0.4087380131656427,medium,fibroblasts,False,False,not in a druggable class - low priority,False,False,"Predicted intracellular proteins, RAS pathway related proteins",RAS related
Q9BY89,KIAA1671,0.4087295826502887,medium,lymphatic endothelial cells,False,False,not in a druggable class - low priority,False,False,Predicted intracellular proteins,KIAA1671
P63267,ACTG2,0.4087066710889971,medium,fibroblasts,False,False,not in a druggable class - low priority,False,False,"Disease related genes, Human disease related genes, Predicted intracellular proteins","Actin gamma 2, smooth muscle"
Q7Z4I7,LIMS2,0.4086290852061517,medium,vascular endothelial cells,False,False,not in a druggable class - low priority,False,False,"Disease related genes, Human disease related genes, Predicted intracellular proteins",LIM zinc finger domain containing 2
O94887,FARP2,0.4085930240202005,medium,melanocytes,False,False,not in a druggable class - low priority,False,False,Predicted intracellular proteins,"FERM, ARH/RhoGEF and pleckstrin domain protein 2"
O75179,ANKRD17,0.4085665266528168,medium,basal keratinocytes,False,False,not in a druggable class - low priority,False,False,"Disease related genes, Human disease related genes, Plasma proteins, Predicted intracellular proteins",Ankyrin repeat domain 17
P35325,SPRR2B,0.4084869821014861,medium,suprabasal keratinocytes,False,False,not in a druggable class - low priority,False,False,Predicted intracellular proteins,Small proline rich protein 2B
P54259,ATN1,0.4084844485977461,medium,vascular endothelial cells,False,False,not in a druggable class - low priority,False,False,"Disease related genes, Human disease related genes, Plasma proteins, Predicted intracellular proteins",Atrophin 1
Q96ED9,HOOK2,0.4084025753792112,medium,suprabasal keratinocytes,False,False,not in a druggable class - low priority,False,False,Predicted intracellular proteins,Hook microtubule tethering protein 2
Q9H7C9,AAMDC,0.4083536864985906,medium,lymphatic endothelial cells,False,False,not in a druggable class - low priority,False,False,Predicted intracellular proteins,Adipogenesis associated Mth938 domain containing
P14921,ETS1,0.4082674296724913,medium,vascular endothelial cells,False,False,not in a druggable class - low priority,False,False,"Plasma proteins, Predicted intracellular proteins, RAS pathway related proteins, Transcription factors","ETS proto-oncogene 1, transcription factor"
P61923,COPZ1,0.4082072659555495,medium,suprabasal keratinocytes,False,False,not in a druggable class - low priority,False,False,"Essential proteins, Predicted intracellular proteins",COPI coat complex subunit zeta 1
Q52LW3,ARHGAP29,0.4081406671119479,medium,lymphatic endothelial cells,False,False,not in a druggable class - low priority,False,False,Predicted intracellular proteins,Rho GTPase activating protein 29
Q8N584,TTC39C,0.4080703558688969,medium,suprabasal keratinocytes,False,False,not in a druggable class - low priority,False,False,"Predicted intracellular proteins, Predicted membrane proteins",Tetratricopeptide repeat domain 39C
P53990,IST1,0.4079811553126261,medium,suprabasal keratinocytes,False,False,not in a druggable class - low priority,False,False,"Plasma proteins, Predicted intracellular proteins",IST1 factor associated with ESCRT-III
Q63ZY3,KANK2,0.4078282927996381,medium,fibroblasts,False,False,not in a druggable class - low priority,False,False,"Disease related genes, Human disease related genes, Predicted intracellular proteins",KN motif and ankyrin repeat domains 2
Q13905,RAPGEF1,0.407798657387484,medium,vascular endothelial cells,False,False,not in a druggable class - low priority,False,False,"Plasma proteins, Predicted intracellular proteins",Rap guanine nucleotide exchange factor 1
O76095,JTB,0.4077864368793482,medium,suprabasal keratinocytes,False,False,not in a druggable class - low priority,False,False,"Cancer-related genes, Plasma proteins, Predicted membrane proteins",Jumping translocation breakpoint
O43432,EIF4G3,0.4073181676097664,medium,vascular endothelial cells,False,False,not in a druggable class - low priority,False,False,"Plasma proteins, Predicted intracellular proteins",Eukaryotic translation initiation factor 4 gamma 3
O75865,TRAPPC6A,0.4072155468832178,medium,melanocytes,False,False,not in a druggable class - low priority,False,False,Predicted intracellular proteins,Trafficking protein particle complex subunit 6A
P29762,CRABP1,0.4069787990849856,medium,melanocytes,False,False,not in a druggable class - low priority,False,False,"Cancer-related genes, Plasma proteins, Predicted intracellular proteins",Cellular retinoic acid binding protein 1
Q9NZN4,EHD2,0.4069673196348518,medium,lymphatic endothelial cells,False,False,not in a druggable class - low priority,False,False,Predicted intracellular proteins,EH domain containing 2
O95297,MPZL1,0.4067929469747042,medium,fibroblasts,False,False,not in a druggable class - low priority,False,False,"Predicted intracellular proteins, Predicted membrane proteins",Myelin protein zero like 1
P25686,DNAJB2,0.4066673554917311,medium,suprabasal keratinocytes,False,False,not in a druggable class - low priority,False,False,"Disease related genes, Human disease related genes, Predicted intracellular proteins",DnaJ heat shock protein family (Hsp40) member B2
Q86U70,LDB1,0.4064421374958842,medium,basal keratinocytes,False,False,not in a druggable class - low priority,False,False,Predicted intracellular proteins,LIM domain binding 1
Q9H2D6,TRIOBP,0.4059910949660493,medium,lymphatic endothelial cells,False,False,not in a druggable class - low priority,False,False,"Disease related genes, Human disease related genes, Plasma proteins, Predicted intracellular proteins",TRIO and F-actin binding protein
Q99650,OSMR,0.4059879209951554,medium,vascular endothelial cells,False,False,not in a druggable class - low priority,False,False,"Disease related genes, Human disease related genes, Plasma proteins, Predicted intracellular proteins, Predicted membrane proteins",Oncostatin M receptor
Q8NEU8,APPL2,0.4058297251373743,medium,fibroblasts,False,False,not in a druggable class - low priority,False,False,"Disease related genes, Predicted intracellular proteins","Adaptor protein, phosphotyrosine interacting with PH domain and leucine zipper 2"
Q9NZM3,ITSN2,0.4057855249099421,medium,suprabasal keratinocytes,False,False,not in a druggable class - low priority,False,False,Predicted intracellular proteins,Intersectin 2
O60239,SH3BP5,0.4057821526869386,medium,vascular endothelial cells,False,False,not in a druggable class - low priority,False,False,"Plasma proteins, Predicted intracellular proteins",SH3 domain binding protein 5
O15020,SPTBN2,0.4056009745240386,medium,suprabasal keratinocytes,False,False,not in a druggable class - low priority,False,False,"Disease related genes, Human disease related genes, Plasma proteins, Predicted intracellular proteins","Spectrin beta, non-erythrocytic 2"
Q9H6H4,REEP4,0.4055374747535482,medium,suprabasal keratinocytes,False,False,not in a druggable class - low priority,False,False,Predicted membrane proteins,Receptor accessory protein 4
Q9Y3A0,COQ4,0.4055066917728164,medium,suprabasal keratinocytes,False,False,not in a druggable class - low priority,False,False,"Disease related genes, Essential proteins, Human disease related genes, Predicted intracellular proteins",Coenzyme Q4
O75817,POP7,0.4054293883764569,medium,suprabasal keratinocytes,False,False,not in a druggable class - low priority,False,False,"Essential proteins, Predicted intracellular proteins","POP7 homolog, ribonuclease P/MRP subunit"
Q07507,DPT,0.405246400171022,medium,fibroblasts,False,False,not in a druggable class - low priority,False,False,Predicted secreted proteins,Dermatopontin
Q7Z7G0,ABI3BP,0.40503860195558,medium,fibroblasts,False,False,not in a druggable class - low priority,False,False,"Disease related genes, Plasma proteins, Predicted intracellular proteins, Predicted secreted proteins",ABI family member 3 binding protein
O43617,TRAPPC3,0.4049462567083677,medium,suprabasal keratinocytes,False,False,not in a druggable class - low priority,False,False,"Essential proteins, Predicted intracellular proteins",Trafficking protein particle complex subunit 3
O14753,OVOL1,0.4048127667523329,medium,suprabasal keratinocytes,False,False,not in a druggable class - low priority,False,False,"Predicted intracellular proteins, Transcription factors",Ovo like transcriptional repressor 1
Q9H063,MAF1,0.4046713252775412,medium,suprabasal keratinocytes,False,False,not in a druggable class - low priority,False,False,Predicted intracellular proteins,"MAF1 homolog, negative regulator of RNA polymerase III"
O14558,HSPB6,0.4046502642298446,medium,fibroblasts,False,False,not in a druggable class - low priority,False,False,Predicted intracellular proteins,Heat shock protein family B (small) member 6
O60336,MAPKBP1,0.4046055871453425,medium,basal keratinocytes,False,False,not in a druggable class - low priority,False,False,"Disease related genes, Human disease related genes, Predicted intracellular proteins",Mitogen-activated protein kinase binding protein 1
Q6ZNJ1,NBEAL2,0.4046002536223212,medium,suprabasal keratinocytes,False,False,not in a druggable class - low priority,False,False,"Disease related genes, Human disease related genes, Predicted intracellular proteins",Neurobeachin like 2
Q16363,LAMA4,0.4044434041514452,medium,lymphatic endothelial cells,False,False,not in a druggable class - low priority,False,False,"Disease related genes, Human disease related genes, Plasma proteins, Predicted intracellular proteins, Predicted secreted proteins",Laminin subunit alpha 4
Q6P161,MRPL54,0.4043227053255486,medium,suprabasal keratinocytes,False,False,not in a druggable class - low priority,False,False,"Predicted intracellular proteins, Ribosomal proteins",Mitochondrial ribosomal protein L54
Q13017,ARHGAP5,0.4042992736742195,medium,suprabasal keratinocytes,False,False,not in a druggable class - low priority,False,False,"Plasma proteins, Predicted intracellular proteins",Rho GTPase activating protein 5
Q9BYN8,MRPS26,0.4042744507335072,medium,suprabasal keratinocytes,False,False,not in a druggable class - low priority,False,False,"Predicted intracellular proteins, Ribosomal proteins",Mitochondrial ribosomal protein S26
Q8IWE5,PLEKHM2,0.4042626042835517,medium,suprabasal keratinocytes,False,False,not in a druggable class - low priority,False,False,Predicted intracellular proteins,Pleckstrin homology and RUN domain containing M2
P56211,ARPP19,0.4042394485845199,medium,basal keratinocytes,False,False,not in a druggable class - low priority,False,False,"Essential proteins, Predicted intracellular proteins",CAMP regulated phosphoprotein 19
Q07866,KLC1,0.4041832816300079,medium,vascular endothelial cells,False,False,not in a druggable class - low priority,False,False,Predicted intracellular proteins,Kinesin light chain 1
Q6PJ21,SPSB3,0.4041780086687073,medium,suprabasal keratinocytes,False,False,not in a druggable class - low priority,False,False,Predicted intracellular proteins,SplA/ryanodine receptor domain and SOCS box containing 3
Q9Y342,PLLP,0.4041324809469565,medium,suprabasal keratinocytes,False,False,not in a druggable class - low priority,False,False,Predicted membrane proteins,Plasmolipin
P10643,C7,0.4041214848385545,medium,fibroblasts,False,False,not in a druggable class - low priority,False,False,"Cancer-related genes, Disease related genes, Human disease related genes, Plasma proteins, Predicted secreted proteins",Complement C7
Q15642,TRIP10,0.4040848094292861,medium,suprabasal keratinocytes,False,False,not in a druggable class - low priority,False,False,"Plasma proteins, Predicted intracellular proteins",Thyroid hormone receptor interactor 10
Q6NSJ2,PHLDB3,0.4039526292919652,medium,suprabasal keratinocytes,False,False,not in a druggable class - low priority,False,False,Predicted intracellular proteins,Pleckstrin homology like domain family B member 3
P51553,IDH3G,0.403927849577872,medium,suprabasal keratinocytes,False,False,not in a druggable class - low priority,False,False,"Citric acid cycle related proteins, Metabolic proteins, Plasma proteins, Predicted intracellular proteins",Isocitrate dehydrogenase (NAD(+)) 3 non-catalytic subunit gamma
Q96K17,BTF3L4,0.4039061147920257,medium,suprabasal keratinocytes,False,False,not in a druggable class - low priority,False,False,"Essential proteins, Predicted intracellular proteins",Basic transcription factor 3 like 4
P61968,LMO4,0.4038266674424573,medium,fibroblasts,False,False,not in a druggable class - low priority,False,False,Predicted intracellular proteins,LIM domain only 4
Q9Y3E7,CHMP3,0.403779888514299,medium,suprabasal keratinocytes,False,False,not in a druggable class - low priority,False,False,"Essential proteins, Predicted intracellular proteins",Charged multivesicular body protein 3
Q9NX76,CMTM6,0.4037752243721292,medium,suprabasal keratinocytes,False,False,not in a druggable class - low priority,False,False,Predicted membrane proteins,CKLF like MARVEL transmembrane domain containing 6
Q8TEL6,TRPC4AP,0.4036939461980414,medium,lymphatic endothelial cells,False,False,not in a druggable class - low priority,False,False,Predicted intracellular proteins,Transient receptor potential cation channel subfamily C member 4 associated protein
Q5VZ89,DENND4C,0.4036819902128605,medium,vascular endothelial cells,False,False,not in a druggable class - low priority,False,False,"Predicted intracellular proteins, Predicted membrane proteins",DENN domain containing 4C
Q07092,COL16A1,0.4035497518575568,medium,fibroblasts,False,False,structural protein - skip,False,True,"Predicted intracellular proteins, Predicted secreted proteins",Collagen type XVI alpha 1 chain
Q9P270,SLAIN2,0.4034492075576908,medium,suprabasal keratinocytes,False,False,not in a druggable class - low priority,False,False,Predicted intracellular proteins,SLAIN motif family member 2
Q8TAE8,GADD45GIP1,0.4034321539882542,medium,suprabasal keratinocytes,False,False,not in a druggable class - low priority,False,False,"Predicted intracellular proteins, Ribosomal proteins",GADD45G interacting protein 1
Q9Y6D0,SELENOK,0.4033684974351307,medium,suprabasal keratinocytes,False,False,not in a druggable class - low priority,False,False,Predicted membrane proteins,Selenoprotein K
P43121,MCAM,0.4032522693219903,medium,vascular endothelial cells,False,False,not in a druggable class - low priority,False,False,"CD markers, Plasma proteins, Predicted membrane proteins",Melanoma cell adhesion molecule
Q13459,MYO9B,0.4030633961505041,medium,melanocytes,False,False,not in a druggable class - low priority,False,False,"Disease related genes, Human disease related genes, Plasma proteins, Predicted intracellular proteins",Myosin IXB
O14981,BTAF1,0.4029995483920115,medium,suprabasal keratinocytes,False,False,not in a druggable class - low priority,False,False,"Essential proteins, Plasma proteins, Predicted intracellular proteins",B-TFIID TATA-box binding protein associated factor 1
O94827,PLEKHG5,0.4028809043842812,medium,suprabasal keratinocytes,False,False,not in a druggable class - low priority,False,False,"Disease related genes, Human disease related genes, Predicted intracellular proteins",Pleckstrin homology and RhoGEF domain containing G5
P09234,SNRPC,0.4028604818311827,medium,basal keratinocytes,False,False,not in a druggable class - low priority,False,False,"Essential proteins, Plasma proteins, Predicted intracellular proteins",Small nuclear ribonucleoprotein polypeptide C
Q8TBR7,TLCD3A,0.4027785193870499,medium,suprabasal keratinocytes,False,False,not in a druggable class - low priority,False,False,"Predicted intracellular proteins, Predicted membrane proteins",TLC domain containing 3A
O43312,MTSS1,0.4026614826704093,medium,suprabasal keratinocytes,False,False,not in a druggable class - low priority,False,False,"Plasma proteins, Predicted intracellular proteins",MTSS I-BAR domain containing 1
Q9UNA1,ARHGAP26,0.4026393036860836,medium,vascular endothelial cells,False,False,not in a druggable class - low priority,False,False,"Cancer-related genes, Disease related genes, Human disease related genes, Predicted intracellular proteins, Predicted membrane proteins",Rho GTPase activating protein 26
Q9UEE9,CFDP1,0.4024859123678576,medium,lymphatic endothelial cells,False,False,not in a druggable class - low priority,False,False,Predicted intracellular proteins,Craniofacial development protein 1
Q9UJX4,ANAPC5,0.4024722420491483,medium,suprabasal keratinocytes,False,False,not in a druggable class - low priority,False,False,"Essential proteins, Predicted intracellular proteins",Anaphase promoting complex subunit 5
Q9H165,BCL11A,0.4024720300679703,medium,suprabasal keratinocytes,False,False,not in a druggable class - low priority,False,False,"Cancer-related genes, Disease related genes, Human disease related genes, Plasma proteins, Predicted intracellular proteins, Transcription factors",BAF chromatin remodeling complex subunit BCL11A
Q9GZU8,PSME3IP1,0.4024245627763306,medium,melanocytes,False,False,not in a druggable class - low priority,False,False,Predicted intracellular proteins,Proteasome activator subunit 3 interacting protein 1
P55854,SUMO3,0.4024159329050784,medium,lymphatic endothelial cells,False,False,not in a druggable class - low priority,False,False,"Plasma proteins, Predicted intracellular proteins",Small ubiquitin like modifier 3
Q8IYN2,TCEAL8,0.4022590892576962,medium,melanocytes,False,False,not in a druggable class - low priority,False,False,Predicted intracellular proteins,Transcription elongation factor A like 8
Q14159,SPIDR,0.4022310683593703,medium,vascular endothelial cells,False,False,not in a druggable class - low priority,False,False,"Disease related genes, Human disease related genes, Predicted intracellular proteins",Scaffold protein involved in DNA repair
P0DI83,RAB34,0.402060995414601,medium,fibroblasts,False,False,not in a druggable class - low priority,False,False,Predicted intracellular proteins,"RAB34, member RAS oncogene family"
Q9ULL1,PLEKHG1,0.40183501228489,medium,vascular endothelial cells,False,False,not in a druggable class - low priority,False,False,Predicted intracellular proteins,Pleckstrin homology and RhoGEF domain containing G1
Q96SU4,OSBPL9,0.4017501261735889,medium,melanocytes,False,False,not in a druggable class - low priority,False,False,"Plasma proteins, Predicted intracellular proteins",Oxysterol binding protein like 9
Q8N4H5,TOMM5,0.4016557717344415,medium,suprabasal keratinocytes,False,False,not in a druggable class - low priority,False,False,"Predicted intracellular proteins, Predicted membrane proteins",Translocase of outer mitochondrial membrane 5
P47944,MT4,0.4016408429147,medium,basal keratinocytes,False,False,not in a druggable class - low priority,False,False,Predicted intracellular proteins,Metallothionein 4
Q5SYE7,NHSL1,0.401582841946251,medium,suprabasal keratinocytes,False,False,not in a druggable class - low priority,False,False,Predicted intracellular proteins,NHS like 1
Q9NZD8,SPG21,0.4014111056505777,medium,melanocytes,False,False,not in a druggable class - low priority,False,False,"Disease related genes, Human disease related genes, Predicted intracellular proteins","SPG21 abhydrolase domain containing, maspardin"
Q92625,ANKS1A,0.4013053697955761,medium,lymphatic endothelial cells,False,False,not in a druggable class - low priority,False,False,"Predicted intracellular proteins, Predicted membrane proteins",Ankyrin repeat and sterile alpha motif domain containing 1A
Q12857,NFIA,0.4012730020155773,medium,fibroblasts,False,False,not in a druggable class - low priority,False,False,"Disease related genes, Human disease related genes, Predicted intracellular proteins, Transcription factors",Nuclear factor I A
Q9NPJ6,MED4,0.4010511808536158,medium,suprabasal keratinocytes,False,False,not in a druggable class - low priority,False,False,"Essential proteins, Predicted intracellular proteins",Mediator complex subunit 4
Q9P0K7,RAI14,0.4010406831942536,medium,lymphatic endothelial cells,False,False,not in a druggable class - low priority,False,False,Predicted intracellular proteins,Retinoic acid induced 14
P53803,POLR2K,0.4008958610818068,medium,suprabasal keratinocytes,False,False,not in a druggable class - low priority,False,False,"Essential proteins, Metabolic proteins, Predicted intracellular proteins, RNA polymerase related proteins","RNA polymerase II, I and III subunit K"
Q96S19,METTL26,0.400876976082095,medium,suprabasal keratinocytes,False,False,not in a druggable class - low priority,False,False,Predicted intracellular proteins,Methyltransferase like 26
Q96MG8,PCMTD1,0.4008682759645666,medium,vascular endothelial cells,False,False,not in a druggable class - low priority,False,False,Predicted intracellular proteins,Protein-L-isoaspartate (D-aspartate) O-methyltransferase domain containing 1
Q6ZP65,BICDL1,0.4008142869261101,medium,suprabasal keratinocytes,False,False,not in a druggable class - low priority,False,False,Predicted intracellular proteins,BICD family like cargo adaptor 1
Q9UBP4,DKK3,0.4007612416731121,medium,lymphatic endothelial cells,False,False,not in a druggable class - low priority,False,False,"Plasma proteins, Predicted secreted proteins",Dickkopf WNT signaling pathway inhibitor 3
Q92870,APBB2,0.4007101188467924,medium,vascular endothelial cells,False,False,not in a druggable class - low priority,False,False,Predicted intracellular proteins,Amyloid beta precursor protein binding family B member 2
Q9UH73,EBF1,0.4006254724707536,medium,fibroblasts,False,False,not in a druggable class - low priority,False,False,"Cancer-related genes, Predicted intracellular proteins, Transcription factors",EBF transcription factor 1
P78415,IRX3,0.400589388497767,medium,suprabasal keratinocytes,False,False,not in a druggable class - low priority,False,False,"Predicted intracellular proteins, Transcription factors",Iroquois homeobox 3
Q9H1Z4,WDR13,0.400526241913981,medium,melanocytes,False,False,not in a druggable class - low priority,False,False,Predicted intracellular proteins,WD repeat domain 13
O95810,CAVIN2,0.4004605441169274,medium,lymphatic endothelial cells,False,False,not in a druggable class - low priority,False,False,"Plasma proteins, Predicted intracellular proteins",Caveolae associated protein 2
Q9UNK0,STX8,0.4004556293573192,medium,lymphatic endothelial cells,False,False,not in a druggable class - low priority,False,False,"Predicted intracellular proteins, Predicted membrane proteins",Syntaxin 8
Q9BWW4,SSBP3,0.4002651077042937,medium,lymphatic endothelial cells,False,False,not in a druggable class - low priority,False,False,Predicted intracellular proteins,Single stranded DNA binding protein 3
O75128,COBL,0.4002021238775596,medium,suprabasal keratinocytes,False,False,not in a druggable class - low priority,False,False,Predicted intracellular proteins,Cordon-bleu WH2 repeat protein
Q5THJ4,VPS13D,0.4002006354380647,medium,suprabasal keratinocytes,False,False,not in a druggable class - low priority,False,False,"Disease related genes, Essential proteins, Human disease related genes, Predicted intracellular proteins",Vacuolar protein sorting 13 homolog D
Q9BTT6,LRRC1,0.4001229387599102,medium,lymphatic endothelial cells,False,False,not in a druggable class - low priority,False,False,Predicted intracellular proteins,Leucine rich repeat containing 1
P13640,MT1G,0.4000000904425063,medium,fibroblasts,False,False,not in a druggable class - low priority,False,False,"Cancer-related genes, Predicted intracellular proteins",Metallothionein 1G
